Name,Level,TruePositives,FalsePositives,FalseNegatives,TrueNegatives,Sensitivity,Specificity
Aminoglycoside efflux regulator,Mechanisms,880,16,0,22380,100.00,99.93
Aminoglycoside O-nucleotidyltransferases,Mechanisms,7452,51,4,21759,99.95,99.77
Dihydrofolate reductase,Mechanisms,1579,1,33,22123,97.95,100.00
Lipid A modification,Mechanisms,12554,8,56,22332,99.56,99.96
Streptogramin A O-acetyltransferase,Mechanisms,255,48,5,22268,98.08,99.78
Monooxygenase,Mechanisms,230,1,0,22395,100.00,100.00
Quinolone active efflux,Mechanisms,3694,65,140,22123,96.35,99.71
Undecaprenyl pyrophosphate phosphatase,Mechanisms,1066,1,0,22395,100.00,100.00
VanN-type regulator,Mechanisms,72,13,0,22383,100.00,99.94
Betalactamase regulator,Mechanisms,208,1,0,22395,100.00,100.00
VanB-type accessory protein,Mechanisms,182,28,0,22368,100.00,99.87
Multi-drug efflux pumps,Mechanisms,372095,384,637,19348,99.83,98.05
ABC transporter,Mechanisms,450,111,56,22179,88.93,99.50
Aminoglycoside N-acetyltransferases,Mechanisms,6898,59,156,21313,97.79,99.72
VanE-type regulator,Mechanisms,134,0,0,22360,100.00,100.00
Viomycin phosphotransferases,Mechanisms,89,5,1,22391,98.89,99.98
VanC-type resistance protein,Mechanisms,824,136,0,22148,100.00,99.39
Bacitracin ABC transporter,Mechanisms,292,9,0,22387,100.00,99.96
Class C betalactamases,Mechanisms,30666,48,42,19838,99.86,99.76
Florfenicol methyltransferases,Mechanisms,668,26,0,22370,100.00,99.88
Class A betalactamases,Mechanisms,53185,470,111,18580,99.79,97.53
VanG-type resistance protein,Mechanisms,482,167,0,22229,100.00,99.25
Fosfomycin phosphorylation,Mechanisms,224,6,0,22334,100.00,99.97
VanB-type resistance protein,Mechanisms,1140,331,0,22005,100.00,98.52
Tetracycline transcriptional repressor,Mechanisms,2625,58,1,22338,99.96,99.74
Penicillin binding protein regulator,Mechanisms,832,176,50,22154,94.33,99.21
Rifampin-resistant beta-subunit of RNA polymerase RpoB,Mechanisms,178090,13,334,22383,99.81,99.94
Quinolone resistance protein Qnr,Mechanisms,2856,7,0,22049,100.00,99.97
Polymyxin B resistance regulator,Mechanisms,8104,41,0,22355,100.00,99.82
Tetracycline resistance ribosomal protection proteins,Mechanisms,4708,35,10,22131,99.79,99.84
VanI-type regulator,Mechanisms,40,80,0,22316,100.00,99.64
Ribosomal zinc-binding protein,Mechanisms,68,0,12,22376,85.00,100.00
VanO-type regulator,Mechanisms,580,29,0,22367,100.00,99.87
RNA-polymerase binding protein,Mechanisms,30,3,0,22393,100.00,99.99
Undecaprenol pyrophosphate recycling,Mechanisms,60,3,0,22393,100.00,99.99
VanD-type accessory protein,Mechanisms,118,0,0,22386,100.00,100.00
Aminocoumarin efflux pump,Mechanisms,2428,49,0,22287,100.00,99.78
23S rRNA methyltransferases,Mechanisms,12566,61,26,21673,99.79,99.72
MDR regulator,Mechanisms,70146,139,32,22039,99.95,99.37
Phenicol efflux pumps,Mechanisms,7588,434,2,21686,99.97,98.04
VanG-type accessory protein,Mechanisms,176,11,0,22359,100.00,99.95
VanE-type resistance protein,Mechanisms,214,227,0,22133,100.00,98.98
VanD-type regulator,Mechanisms,172,78,20,22298,89.58,99.65
VanO-type resistance protein,Mechanisms,80,40,66,22270,54.79,99.82
Daptomycin-resistant beta-subunit of RNA polymerase RpoB,Mechanisms,1160,1,0,22395,100.00,100.00
VanA-type accessory protein,Mechanisms,344,49,0,22347,100.00,99.78
VanF-type resistance protein,Mechanisms,96,40,60,22276,61.54,99.82
VanD-type resistance protein,Mechanisms,360,375,0,21961,100.00,98.32
EF-Tu inhibition,Mechanisms,33942,388,0,21860,100.00,98.26
Rifampin-resistant embB,Mechanisms,424,1,0,22395,100.00,100.00
VanM-type resistance protein,Mechanisms,180,162,30,22154,85.71,99.27
Macrolide glycosyltransferases,Mechanisms,280,8,0,22388,100.00,99.96
Sulfonamide-resistant dihydropteroate synthases,Mechanisms,13321,37,5,22359,99.96,99.83
VanI-type resistance protein,Mechanisms,124,109,0,22287,100.00,99.51
Tetracycline resistance major facilitator superfamily MFS efflux pumps,Mechanisms,19670,174,22,21958,99.89,99.21
Macrolide resistance efflux pumps,Mechanisms,8382,101,44,22169,99.48,99.55
Tetracycline inactivation enzymes,Mechanisms,312,3,0,22357,100.00,99.99
Ethambutol resistant arabinosyltransferase,Mechanisms,424,1,0,22395,100.00,100.00
16S rRNA methyltransferases,Mechanisms,595,0,59,22272,90.98,100.00
Streptogramin resistance ATP-binding cassette ABC efflux pumps,Mechanisms,1670,55,0,22203,100.00,99.75
Chloramphenicol acetyltransferases,Mechanisms,3220,73,0,21983,100.00,99.67
ATP-binding tunicamycin resistance,Mechanisms,272,1,0,22395,100.00,100.00
Fusidic acid esterases,Mechanisms,150,1,0,22395,100.00,100.00
Streptogramin B ester bond cleavage,Mechanisms,60,1,0,22395,100.00,100.00
Cationic antimicrobial peptide efflux pumps,Mechanisms,1032,1,0,22395,100.00,100.00
VanF-type accessory protein,Mechanisms,452,0,0,22376,100.00,100.00
nim nitroimidazole reductase,Mechanisms,202,10,0,22386,100.00,99.96
Rifampin ADP-ribosyltransferase Arr,Mechanisms,366,2,0,22330,100.00,99.99
Lincosamide nucleotidyltransferases,Mechanisms,688,0,0,22302,100.00,100.00
Rifampin glycosyltransferase,Mechanisms,152,6,0,22390,100.00,99.97
Aminocoumarin-resistant DNA topoisomerases,Mechanisms,21006,137,0,22193,100.00,99.39
Lincosamide efflux pump,Mechanisms,355,31,69,22269,83.73,99.86
VanA-type regulator,Mechanisms,184,82,40,22314,82.14,99.63
Penicillin binding protein,Mechanisms,117580,237,122,21971,99.90,98.93
Macrolide phosphotransferases,Mechanisms,676,0,50,22180,93.11,100.00
Aminoglycoside O-phosphotransferases,Mechanisms,11087,79,49,21769,99.56,99.64
VanA-type resistance protein,Mechanisms,2080,415,0,21981,100.00,98.15
Class D betalactamases,Mechanisms,15579,99,95,19789,99.39,99.50
VanN-type resistance protein,Mechanisms,205,45,1,22281,99.51,99.80
Bleomycin resistance protein,Mechanisms,110,1,10,22385,91.67,100.00
VanF-type regulator,Mechanisms,180,3,20,22337,90.00,99.99
Phosphotidylglycerol lysyltransferase,Mechanisms,8750,0,278,22088,96.92,100.00
Macrolide esterases,Mechanisms,392,0,0,22316,100.00,100.00
VanC-type regulator,Mechanisms,260,75,0,22301,100.00,99.66
Class B betalactamases,Mechanisms,7636,105,76,20787,99.01,99.50
Aminoglycoside efflux pumps,Mechanisms,12280,834,0,21562,100.00,96.28
VanB-type regulator,Mechanisms,266,36,0,22360,100.00,99.84
VanG-type regulator,Mechanisms,72,14,0,22382,100.00,99.94
Fosfomycin thiol transferases,Mechanisms,2100,18,0,22328,100.00,99.92
Mutant porin proteins,Mechanisms,29948,194,0,22100,100.00,99.13
Fluoroquinolone-resistant DNA topoisomerases,Mechanisms,71953,130,193,21444,99.73,99.40
betalactams,Classes,226340,210,348,12008,99.85,98.28
Tunicamycin,Classes,272,1,0,22395,100.00,100.00
Fosfomycin,Classes,2324,24,222,22044,91.28,99.89
Mycobacterium tuberculosis-specific Drug,Classes,513,6,71,22320,87.84,99.97
Metronidazole,Classes,202,10,0,22386,100.00,99.96
Elfamycins,Classes,33942,388,0,21860,100.00,98.26
Fluoroquinolones,Classes,77909,160,443,20756,99.43,99.24
Glycopeptides,Classes,9116,97,98,21441,98.94,99.55
MLS,Classes,22137,94,215,20648,99.04,99.55
Sulfonamides,Classes,13321,37,35,22329,99.74,99.83
Fusidic acid,Classes,218,1,12,22375,94.78,100.00
Lipopeptides,Classes,8750,0,340,22026,96.26,100.00
Tetracyclines,Classes,27315,167,33,21699,99.88,99.24
Thiostrepton,Classes,2232,4,0,22392,100.00,99.98
Rifampin,Classes,178868,24,334,22308,99.81,99.89
Multi-drug resistance,Classes,472379,473,705,18915,99.85,97.56
Phenicol,Classes,12268,149,2,21631,99.98,99.32
Aminocoumarins,Classes,23486,134,134,21950,99.43,99.39
Aminoglycosides,Classes,39228,924,232,19190,99.41,95.41
Cationic antimicrobial peptides,Classes,21697,41,69,22279,99.68,99.82
Bacitracin,Classes,1358,9,0,22387,100.00,99.96
Trimethoprim,Classes,1579,1,33,22123,97.95,100.00
ARAJ,Groups,336,44,0,22352,100.00,99.80
TSNR,Groups,2232,4,0,22392,100.00,99.98
QEPA,Groups,150,44,0,22352,100.00,99.80
PBP2B,Groups,1385,0,11,22330,99.21,100.00
VANSE,Groups,134,0,0,22360,100.00,100.00
RGT,Groups,152,6,0,22390,100.00,99.97
OPRM,Groups,2832,110,0,22214,100.00,99.51
ROSA,Groups,2996,5,0,22391,100.00,99.98
MEXT,Groups,90,0,0,22366,100.00,100.00
IRI,Groups,230,1,0,22395,100.00,100.00
VANSA,Groups,144,12,40,22384,78.26,99.95
TETJ,Groups,72,52,0,22344,100.00,99.77
NDM,Groups,488,99,0,22167,100.00,99.56
MECI,Groups,440,0,0,22386,100.00,100.00
BCRA,Groups,172,4,0,22392,100.00,99.98
FOSB,Groups,490,7,0,22359,100.00,99.97
NALD,Groups,900,16,0,22360,100.00,99.93
CAT,Groups,3140,146,10,21970,99.68,99.34
AAC2-PRIME,Groups,660,22,0,22322,100.00,99.90
TET34,Groups,168,1,0,22395,100.00,100.00
VGBA,Groups,60,1,0,22395,100.00,100.00
LSA,Groups,1380,52,0,22206,100.00,99.77
VANYG,Groups,78,11,0,22385,100.00,99.95
ACRD,Groups,5200,563,0,21833,100.00,97.49
TET33,Groups,234,31,6,22365,97.50,99.86
BLAA,Groups,3112,1751,0,20645,100.00,92.18
PDC,Groups,432,1869,0,20527,100.00,91.65
PBP4B,Groups,4894,1,0,22395,100.00,100.00
TETX,Groups,144,2,0,22358,100.00,99.99
LCR1,Groups,78,297,0,22073,100.00,98.67
BAER,Groups,620,35,0,22361,100.00,99.84
NMCA,Groups,182,1388,0,21008,100.00,93.80
CBLA,Groups,292,93,0,22303,100.00,99.58
AQU,Groups,828,2078,16,20318,98.10,90.72
ERM32,Groups,52,26,0,22370,100.00,99.88
MDTP,Groups,2116,4,0,22392,100.00,99.98
VANTN,Groups,205,45,1,22281,99.51,99.80
APH6-PRIME,Groups,64,39,0,22357,100.00,99.83
RMTD,Groups,140,38,0,22358,100.00,99.83
MUS,Groups,40,338,0,22058,100.00,98.49
MEXV,Groups,2268,30,0,22366,100.00,99.87
ANT6,Groups,1053,0,1,22318,99.91,100.00
DHA,Groups,3870,2170,0,20118,100.00,90.26
BRP,Groups,110,1,10,22385,91.67,100.00
BCRC,Groups,60,2,0,22394,100.00,99.99
MSBA,Groups,3077,58,39,22282,98.75,99.74
BAES,Groups,1196,3,0,22393,100.00,99.99
VANYA,Groups,138,30,0,22366,100.00,99.87
DFRB,Groups,36,1,0,22395,100.00,100.00
VPH,Groups,89,5,1,22391,98.89,99.98
VANE,Groups,124,75,0,22285,100.00,99.66
VANYD,Groups,118,0,0,22386,100.00,100.00
FONA,Groups,182,1975,0,20421,100.00,91.18
VANTG,Groups,280,31,0,22365,100.00,99.86
TOLC,Groups,2576,1,0,22395,100.00,100.00
TMRB,Groups,272,1,0,22395,100.00,100.00
OXA,Groups,15500,123,96,19791,99.38,99.38
OPRN,Groups,3142,70,0,22280,100.00,99.69
MGRA,Groups,1416,1,0,22395,100.00,100.00
TET44,Groups,480,132,0,22204,100.00,99.41
APH3-DPRIME,Groups,872,148,2,22196,99.77,99.34
LMRB,Groups,355,31,19,22319,94.92,99.86
MDTK,Groups,2438,32,46,22318,98.15,99.86
FUSB,Groups,60,8,0,22388,100.00,99.96
CLBA,Groups,792,26,0,22370,100.00,99.88
DFRK,Groups,96,63,0,22333,100.00,99.72
VANI,Groups,64,108,0,22288,100.00,99.52
EREA,Groups,320,0,0,22316,100.00,100.00
GYRA,Groups,52178,175,88,21793,99.83,99.20
CAU,Groups,156,47,0,22349,100.00,99.79
MDSC,Groups,3680,99,0,22297,100.00,99.56
APH7-DPRIME,Groups,750,1,0,22395,100.00,100.00
POM,Groups,384,25,0,22371,100.00,99.89
VANYB,Groups,78,6,0,22390,100.00,99.97
BLAEC,Groups,9774,2190,0,20206,100.00,90.22
L1,Groups,52,18,0,22378,100.00,99.92
PENA,Groups,78,2109,0,20287,100.00,90.58
BACA,Groups,1066,1,0,22395,100.00,100.00
FOMB,Groups,120,6,0,22360,100.00,99.97
VANXB,Groups,60,60,0,22336,100.00,99.73
TETV,Groups,320,4,0,22392,100.00,99.98
ADEF,Groups,1560,29,0,22367,100.00,99.87
NIMI,Groups,80,7,0,22389,100.00,99.97
VANXYC,Groups,80,10,0,22370,100.00,99.96
FUSH,Groups,150,1,0,22395,100.00,100.00
MECC,Groups,350,66,0,22330,100.00,99.71
MEXK,Groups,6600,63,0,22333,100.00,99.72
OQXA,Groups,3528,86,0,22310,100.00,99.62
MEXW,Groups,6600,265,0,22131,100.00,98.82
VEB,Groups,572,53,0,22253,100.00,99.76
OMPD,Groups,246,47,46,22303,84.25,99.79
MDTG,Groups,1520,22,0,22374,100.00,99.90
CMLB,Groups,516,197,2,22199,99.61,99.12
ABES,Groups,290,10,0,22386,100.00,99.96
AER,Groups,90,1096,0,21270,100.00,95.10
MDTA,Groups,2040,8,0,22388,100.00,99.96
NMCR,Groups,208,1,0,22395,100.00,100.00
OLEI,Groups,120,4,0,22392,100.00,99.98
MDTO,Groups,3498,1,0,22395,100.00,100.00
ERME,Groups,108,28,0,22332,100.00,99.87
TET40,Groups,200,11,0,22345,100.00,99.95
TETS,Groups,1744,180,0,22216,100.00,99.20
FOX,Groups,692,1779,0,20473,100.00,92.01
VANJ,Groups,60,3,0,22393,100.00,99.99
RBPA,Groups,30,3,0,22393,100.00,99.99
SHV,Groups,20374,1653,0,20311,100.00,92.47
ERMG,Groups,60,306,0,22070,100.00,98.63
AMRB,Groups,6516,614,0,21782,100.00,97.26
VANHB,Groups,930,123,0,22243,100.00,99.45
AMRA,Groups,2374,187,0,22209,100.00,99.17
AAC3,Groups,3054,28,0,22228,100.00,99.87
FLOR,Groups,636,41,0,22155,100.00,99.82
SULII,Groups,1456,1,0,22395,100.00,100.00
EMRD,Groups,13890,36,0,22324,100.00,99.84
ADER,Groups,1336,32,0,22344,100.00,99.86
TCR3,Groups,100,58,0,22338,100.00,99.74
MSRA,Groups,444,75,0,22321,100.00,99.67
VANSG,Groups,72,14,0,22382,100.00,99.94
MARA,Groups,180,6,0,22390,100.00,99.97
EVGS,Groups,6380,11,0,22385,100.00,99.95
ANT4-PRIME,Groups,2496,1,0,22343,100.00,100.00
BLAB,Groups,426,395,0,21975,100.00,98.23
TETO,Groups,180,182,0,22214,100.00,99.19
YKKD,Groups,180,9,0,22387,100.00,99.96
GYRB,Groups,452,72,0,22258,100.00,99.68
QNRC,Groups,260,207,0,22169,100.00,99.07
DFRC,Groups,452,57,0,22339,100.00,99.75
OKP,Groups,8946,2050,0,20320,100.00,90.84
CTX,Groups,7658,1510,22,20050,99.71,93.00
FEXA,Groups,138,2,0,22394,100.00,99.99
TETW,Groups,420,109,0,22227,100.00,99.51
MEXL,Groups,780,10,0,22386,100.00,99.96
CATB,Groups,1900,72,0,22264,100.00,99.68
OMF,Groups,2890,96,0,22300,100.00,99.57
PMRF,Groups,1050,5,0,22391,100.00,99.98
OPRA,Groups,138,127,0,22269,100.00,99.43
OCH,Groups,324,2039,0,20321,100.00,90.88
VANXM,Groups,60,40,0,22336,100.00,99.82
CMXAB,Groups,72,5,0,22391,100.00,99.98
ERM,Groups,646,440,0,21956,100.00,98.04
PHOQ,Groups,4796,13,0,22383,100.00,99.94
BCRB,Groups,60,4,0,22392,100.00,99.98
ANT2-DPRIME,Groups,161,18,1,22362,99.38,99.92
ERMB,Groups,938,251,0,21999,100.00,98.87
EMRA,Groups,1764,2,0,22394,100.00,99.99
NFXB,Groups,1156,3,0,22377,100.00,99.99
APH3-PRIME,Groups,8545,88,17,22044,99.80,99.60
GIM,Groups,52,549,0,21847,100.00,97.55
TEM,Groups,8739,1264,43,20680,99.51,94.24
ARLR,Groups,80,42,0,22354,100.00,99.81
MEXJ,Groups,1836,1,0,22395,100.00,100.00
VANRA,Groups,184,82,40,22314,82.14,99.63
PARC,Groups,18856,176,112,21892,99.41,99.20
IMI,Groups,208,1362,0,21008,100.00,93.91
DHFR,Groups,547,205,1,22191,99.82,99.08
ADEG,Groups,4134,291,0,22105,100.00,98.70
ADEH,Groups,1564,10,0,22386,100.00,99.96
TETG,Groups,180,43,0,22353,100.00,99.81
VATE,Groups,160,76,0,22300,100.00,99.66
VANRD,Groups,80,66,0,22310,100.00,99.71
VANXYG,Groups,130,22,0,22374,100.00,99.90
ERMV,Groups,78,73,0,22297,100.00,99.67
TETA,Groups,1138,76,20,22240,98.27,99.66
ERM41,Groups,1156,18,0,22368,100.00,99.92
MFPA,Groups,176,1,0,22395,100.00,100.00
TAP,Groups,272,13,0,22343,100.00,99.94
TETD,Groups,222,49,0,22347,100.00,99.78
MEPR,Groups,800,3,0,22383,100.00,99.99
ADEK,Groups,1104,17,0,22379,100.00,99.92
ERM42,Groups,60,12,0,22384,100.00,99.95
ARNA,Groups,6850,1,0,22395,100.00,100.00
SRT,Groups,72,1588,0,20808,100.00,92.91
LEN,Groups,9050,1946,0,20320,100.00,91.26
EXO,Groups,60,941,0,21455,100.00,95.80
CATA,Groups,904,280,0,22116,100.00,98.75
MTRR,Groups,1300,10,0,22366,100.00,99.96
MDTL,Groups,6356,1,0,22359,100.00,100.00
RMTE,Groups,104,3,0,22393,100.00,99.99
BLA1,Groups,2060,1126,0,21270,100.00,94.97
MTRC,Groups,2266,136,0,22260,100.00,99.39
CKO,Groups,90,1473,0,20923,100.00,93.42
ERMX,Groups,1114,15,0,22381,100.00,99.93
VANSB,Groups,206,1,0,22395,100.00,100.00
MTRE,Groups,322,56,0,22340,100.00,99.75
ADEB,Groups,8164,489,0,21807,100.00,97.81
CPHA,Groups,408,58,0,22290,100.00,99.74
ADEC,Groups,168,1,0,22395,100.00,100.00
VAND,Groups,150,146,0,22220,100.00,99.35
MOX,Groups,936,1970,16,20318,98.32,91.16
EMRY,Groups,5000,5,0,22391,100.00,99.98
NIMB,Groups,48,1,0,22395,100.00,100.00
NORA,Groups,108,47,0,22313,100.00,99.79
sme,Groups,4257,887,7,21175,99.84,95.98
MEXE,Groups,6204,248,36,22108,99.42,98.89
CFIA,Groups,332,301,0,22095,100.00,98.66
VANSF,Groups,180,3,0,22357,100.00,99.99
MDSB,Groups,8268,388,0,22008,100.00,98.27
FAR1,Groups,104,1484,0,20912,100.00,93.37
TET39,Groups,192,38,4,22358,97.96,99.83
BCII,Groups,130,289,0,22107,100.00,98.71
ARR,Groups,366,2,0,22330,100.00,99.99
MEXN,Groups,9720,165,0,22231,100.00,99.26
TUFAB,Groups,33942,388,0,21860,100.00,98.26
QNRB,Groups,1780,130,0,22086,100.00,99.41
MEXQ,Groups,7418,417,0,21979,100.00,98.14
QNRD,Groups,80,229,0,22127,100.00,98.98
BMR,Groups,1404,51,0,22309,100.00,99.77
MTRD,Groups,6572,447,0,21949,100.00,98.00
QNRA,Groups,180,231,0,22145,100.00,98.97
CME,Groups,182,105,0,22291,100.00,99.53
GIMA,Groups,160,4,0,22392,100.00,99.98
VANG,Groups,72,114,0,22282,100.00,99.49
TETQ,Groups,252,77,0,22319,100.00,99.66
MEXC,Groups,2484,181,100,22079,96.13,99.19
DFRG,Groups,112,47,0,22333,100.00,99.79
ANT3-DPRIME,Groups,3222,69,4,21907,99.88,99.69
MSR,Groups,230,77,0,22319,100.00,99.66
CEPS,Groups,276,2051,0,20345,100.00,90.84
VANXO,Groups,80,40,0,22336,100.00,99.82
NOVA,Groups,2428,49,0,22287,100.00,99.78
MEFA,Groups,4510,63,0,22333,100.00,99.72
DFRF,Groups,96,48,0,22332,100.00,99.79
ERMO,Groups,104,53,0,22291,100.00,99.76
TET43,Groups,146,10,0,22386,100.00,99.96
LUT,Groups,182,1950,0,20446,100.00,91.29
HNS,Groups,880,3,0,22393,100.00,99.99
ACT,Groups,3078,1729,0,20019,100.00,92.05
CFX,Groups,1098,10,0,22236,100.00,99.96
RLMH,Groups,944,1,0,22395,100.00,100.00
ASMA,Groups,17806,8,0,22388,100.00,99.96
GADX,Groups,1040,1,0,22395,100.00,100.00
ACRF,Groups,5388,595,0,21801,100.00,97.34
PORB,Groups,10268,2,0,22394,100.00,99.99
YKKC,Groups,110,1,0,22395,100.00,100.00
PBP1A,Groups,23512,1,0,22395,100.00,100.00
SOXS,Groups,656,16,10,22370,98.50,99.93
VANXA,Groups,344,60,0,22336,100.00,99.73
CEOA,Groups,480,87,0,22309,100.00,99.61
ERMT,Groups,1128,406,0,21990,100.00,98.19
NPS,Groups,52,323,0,22073,100.00,98.56
ADEN,Groups,726,1,0,22395,100.00,100.00
IMP,Groups,1842,340,0,21576,100.00,98.45
MEPB,Groups,670,1,0,22395,100.00,100.00
MPH,Groups,123,71,9,22295,93.18,99.68
VANRI,Groups,40,80,0,22316,100.00,99.64
GOB,Groups,546,9,0,22361,100.00,99.96
CEPA,Groups,210,178,0,22218,100.00,99.21
RAMA,Groups,30,10,0,22386,100.00,99.96
DIM,Groups,104,483,0,21887,100.00,97.84
ACRE,Groups,1692,188,0,22208,100.00,99.16
FOSA,Groups,1610,48,0,22328,100.00,99.79
ERMQ,Groups,78,107,0,22263,100.00,99.52
VANB,Groups,150,148,0,22218,100.00,99.34
MEXM,Groups,2412,18,0,22378,100.00,99.92
ROBA,Groups,416,10,0,22386,100.00,99.96
MEXH,Groups,2304,7,0,22353,100.00,99.97
CPXAR,Groups,152,39,0,22357,100.00,99.83
MDTN,Groups,1170,10,0,22386,100.00,99.96
VANRB,Groups,60,35,0,22361,100.00,99.84
CML,Groups,596,197,34,22159,94.60,99.12
MDTH,Groups,2240,2,0,22394,100.00,99.99
OTRB,Groups,218,13,0,22327,100.00,99.94
ERM37,Groups,258,9,0,22371,100.00,99.96
TET35,Groups,324,6,0,22390,100.00,99.97
VANC,Groups,336,78,0,22288,100.00,99.65
BEL,Groups,104,1154,0,21216,100.00,94.84
PMRC,Groups,4654,3,0,22393,100.00,99.99
TET31,Groups,80,41,0,22355,100.00,99.82
MAL,Groups,90,1473,0,20923,100.00,93.42
MECA,Groups,726,107,0,22223,100.00,99.52
MSRC,Groups,102,50,0,22346,100.00,99.78
GES,Groups,1149,393,13,21639,98.88,98.22
VANHD,Groups,150,169,0,22197,100.00,99.24
EMEA,Groups,216,39,0,22357,100.00,99.83
VANSC,Groups,180,22,0,22374,100.00,99.90
RMTF,Groups,156,22,0,22348,100.00,99.90
MEXA,Groups,2324,211,0,22149,100.00,99.06
PARE,Groups,20872,112,0,22218,100.00,99.50
ANT9,Groups,388,232,0,22144,100.00,98.96
TETH,Groups,192,48,0,22348,100.00,99.79
MEXP,Groups,1936,79,0,22317,100.00,99.65
ERMA,Groups,96,381,0,21995,100.00,98.30
VIM,Groups,1646,87,0,21919,100.00,99.60
MECB,Groups,132,44,0,22352,100.00,99.80
EMRK,Groups,1836,1,0,22395,100.00,100.00
TET41,Groups,72,27,0,22369,100.00,99.88
MEXY,Groups,300,485,0,21811,100.00,97.82
CATP,Groups,56,177,0,22219,100.00,99.21
VANSN,Groups,72,13,0,22383,100.00,99.94
TETY,Groups,72,34,0,22362,100.00,99.85
ADEAI,Groups,80,111,0,22285,100.00,99.50
SFO,Groups,182,1975,0,20421,100.00,91.18
LNUF,Groups,104,28,0,22342,100.00,99.87
VANZF,Groups,452,0,0,22376,100.00,100.00
VGA,Groups,450,111,0,22235,100.00,99.50
ERMF,Groups,130,48,0,22348,100.00,99.79
AAC3-PRIME,Groups,48,60,0,22336,100.00,99.73
LNUC,Groups,256,4,0,22392,100.00,99.98
TETM,Groups,900,122,0,22214,100.00,99.45
APH6,Groups,690,4,0,22280,100.00,99.98
DFRE,Groups,128,1,0,22395,100.00,100.00
NIME,Groups,26,1,0,22395,100.00,100.00
PER,Groups,1086,145,0,22191,100.00,99.35
MIR,Groups,2382,2304,0,20020,100.00,89.68
VANHM,Groups,120,122,0,22244,100.00,99.45
EBR1,Groups,40,400,0,21996,100.00,98.21
MGT,Groups,160,4,0,22392,100.00,99.98
MDTC,Groups,13940,603,0,21793,100.00,97.31
MEPA,Groups,362,6,0,22390,100.00,99.97
PMRA,Groups,2960,37,40,22319,98.67,99.83
OMPR,Groups,112,36,0,22360,100.00,99.84
VANRO,Groups,580,29,0,22367,100.00,99.87
MDTD,Groups,8586,16,0,22334,100.00,99.93
BLAI,Groups,50,5,0,22391,100.00,99.98
CARB,Groups,2069,1640,29,20404,98.62,92.56
VANWG,Groups,98,0,0,22370,100.00,100.00
TET36,Groups,220,84,0,22312,100.00,99.62
FOMA,Groups,104,0,0,22370,100.00,100.00
MEXR,Groups,770,4,0,22392,100.00,99.98
VANA,Groups,1350,199,0,22197,100.00,99.11
CRP,Groups,1980,4,0,22392,100.00,99.98
AMPH,Groups,9854,128,0,22268,100.00,99.43
ERMC,Groups,2012,263,0,21993,100.00,98.82
LRA,Groups,116,10,36,22320,76.32,99.96
MEL,Groups,1242,75,0,22321,100.00,99.67
VANWB,Groups,104,22,0,22374,100.00,99.90
MEXS,Groups,2160,8,0,22388,100.00,99.96
OPMH,Groups,3014,5,0,22391,100.00,99.98
EREB,Groups,72,2,0,22394,100.00,99.99
CFRA,Groups,1372,26,0,22370,100.00,99.88
RPOB,Groups,178090,13,334,22383,99.81,99.94
ABEM,Groups,1560,8,0,22388,100.00,99.96
VATD,Groups,60,92,0,22284,100.00,99.59
VANZA,Groups,128,1,0,22395,100.00,100.00
TETT,Groups,132,84,0,22312,100.00,99.62
VANTC,Groups,408,48,0,22282,100.00,99.79
ACRB,Groups,68396,626,0,21670,100.00,97.19
SME,Groups,228,1100,40,21234,85.07,95.07
ACC,Groups,1150,1412,0,20912,100.00,93.67
CMRA,Groups,72,9,0,22387,100.00,99.96
APH9,Groups,90,0,30,22336,75.00,100.00
ERMR,Groups,260,402,0,21994,100.00,98.21
PBP1B,Groups,4392,1,0,22395,100.00,100.00
MSRD,Groups,92,68,0,22328,100.00,99.70
EVGA,Groups,260,1,0,22395,100.00,100.00
MACB,Groups,2040,10,0,22386,100.00,99.96
FOLP,Groups,12610,21,0,22375,100.00,99.91
PMRB,Groups,5504,5,0,22391,100.00,99.98
RMTB,Groups,84,11,0,22359,100.00,99.95
SULI,Groups,954,17,0,22379,100.00,99.92
ARLS,Groups,3704,49,0,22347,100.00,99.78
PBP2X,Groups,39168,1,0,22395,100.00,100.00
VANXF,Groups,96,40,0,22336,100.00,99.82
LNUB,Groups,52,30,0,22366,100.00,99.87
KPC,Groups,792,1707,0,20611,100.00,92.35
TLA,Groups,90,123,0,22243,100.00,99.45
BLAZ,Groups,286,398,0,21998,100.00,98.22
MDFA,Groups,9684,7,0,22389,100.00,99.97
MEFB,Groups,146,12,14,22384,91.25,99.95
SDIA,Groups,1580,1,0,22395,100.00,100.00
VANXD,Groups,60,60,0,22336,100.00,99.73
MPHC,Groups,90,102,0,22294,100.00,99.54
IND,Groups,742,433,0,21783,100.00,98.05
MEXB,Groups,8586,763,0,21633,100.00,96.59
VANXI,Groups,60,1,0,22395,100.00,100.00
MEXD,Groups,13584,542,0,21854,100.00,97.58
MEXX,Groups,108,129,0,22231,100.00,99.42
NORB,Groups,4600,7,0,22389,100.00,99.97
NIMA,Groups,96,3,0,22393,100.00,99.99
NIMD,Groups,48,1,0,22395,100.00,100.00
VANHA,Groups,386,156,0,22240,100.00,99.30
OMPF,Groups,14422,56,0,22340,100.00,99.75
DRRA,Groups,194,39,0,22357,100.00,99.83
ADES,Groups,2312,1,0,22395,100.00,100.00
cme,Groups,25836,362,0,21898,100.00,98.37
CMER,Groups,1600,1,0,22395,100.00,100.00
CMY,Groups,13554,1264,16,19908,99.88,94.03
CEOB,Groups,3000,491,0,21905,100.00,97.81
CGB,Groups,40,433,0,21963,100.00,98.07
OXY,Groups,1236,1897,0,20291,100.00,91.45
VANRC,Groups,80,53,0,22323,100.00,99.76
BLT,Groups,120,41,0,22315,100.00,99.82
DFRD,Groups,112,47,0,22333,100.00,99.79
MTRA,Groups,1320,55,0,22341,100.00,99.75
LNUA,Groups,208,16,0,22380,100.00,99.93
MEXF,Groups,16674,512,0,21778,100.00,97.70
ROB,Groups,90,933,0,21433,100.00,95.83
RAHN,Groups,78,2045,0,20351,100.00,90.87
EMBB,Groups,424,1,0,22395,100.00,100.00
SULIII,Groups,137,1,5,22395,96.48,100.00
SAV1866,Groups,4032,58,0,22338,100.00,99.74
QACAB,Groups,150,0,0,22346,100.00,100.00
TETE,Groups,152,45,0,22351,100.00,99.80
MEXG,Groups,220,7,0,22389,100.00,99.97
PBP2,Groups,33516,69,112,22271,99.67,99.69
TETC,Groups,14368,19,0,22361,100.00,99.92
CPXA,Groups,5966,39,0,22357,100.00,99.83
TET38,Groups,138,1,0,22395,100.00,100.00
QNRS,Groups,200,257,0,22119,100.00,98.85
MPRF,Groups,10152,0,252,22088,97.58,100.00
VANSD,Groups,92,12,20,22384,82.14,99.95
MPHE,Groups,52,50,0,22346,100.00,99.78
ARMA,Groups,98,6,0,22390,100.00,99.97
ADEA,Groups,1188,52,0,22308,100.00,99.77
HERA,Groups,182,1853,0,20543,100.00,91.73
ACRS,Groups,880,16,0,22380,100.00,99.93
MDTE,Groups,1260,139,0,22257,100.00,99.38
SPD,Groups,130,14,0,22382,100.00,99.94
MPHB,Groups,266,64,0,22272,100.00,99.71
ADC,Groups,108,714,0,21646,100.00,96.81
TETL,Groups,368,46,0,22350,100.00,99.79
MDTB,Groups,6400,98,0,22298,100.00,99.56
AAC6-PRIME,Groups,2390,40,116,21598,95.37,99.82
EMRR,Groups,1600,2,0,22378,100.00,99.99
QNRVC,Groups,180,267,0,22069,100.00,98.80
OQXB,Groups,170,361,16,22035,91.40,98.39
PHOP,Groups,2832,49,20,22347,99.30,99.78
TET32,Groups,180,188,0,22208,100.00,99.16
GOLS,Groups,1248,1,0,22395,100.00,100.00
ROSB,Groups,1904,1,0,22395,100.00,100.00
BLAR,Groups,336,182,0,22214,100.00,99.19
MDSA,Groups,3120,50,0,22346,100.00,99.78
ERMD,Groups,104,3,0,22367,100.00,99.99
VANWA,Groups,78,18,0,22378,100.00,99.92
OPRJ,Groups,3324,116,0,22234,100.00,99.48
EMRB,Groups,2250,3,0,22393,100.00,99.99
OMP36,Groups,144,59,0,22337,100.00,99.74
HLYD,Groups,498,257,0,22139,100.00,98.85
APH2-DPRIME,Groups,180,2,0,22334,100.00,99.99
MPHA,Groups,90,8,0,22358,100.00,99.96
VANHE,Groups,90,152,0,22244,100.00,99.32
TETR,Groups,4289,77,1,22319,99.98,99.66
TETB,Groups,956,97,0,22233,100.00,99.57
ACI,Groups,218,489,0,21907,100.00,97.82
MACA,Groups,1188,1,0,22395,100.00,100.00
EMRE,Groups,982,15,0,22381,100.00,99.93
TETK,Groups,106,0,12,22350,89.83,100.00
SAT,Groups,728,12,16,22352,97.85,99.95
mmarc_Multi-drug_resistance3_blast_augmented,Models,2040,NA,0,NA,100.00,NA
mmarc_Multi-drug_resistance134_blast_augmented,Models,2412,NA,0,NA,100.00,NA
mmarc_Multi-drug_resistance20_blast_augmented,Models,260,NA,0,NA,100.00,NA
mmarc_betalactams122,Models,78,NA,0,NA,100.00,NA
mmarc_Glycopeptides85,Models,108,NA,0,NA,100.00,NA
mmarc_MLS6_blast_augmented,Models,256,NA,0,NA,100.00,NA
mmarc_Aminoglycosides28_blast_augmented,Models,52,NA,0,NA,100.00,NA
mmarc_Fosfomycin13_blast_augmented,Models,78,NA,0,NA,100.00,NA
mmarc_Cationic_antimicrobial_peptides10_blast_augmented,Models,2304,NA,0,NA,100.00,NA
mmarc_Rifampin1_blast_augmented,Models,464,NA,0,NA,100.00,NA
mmarc_Fluoroquinolones20_blast_augmented,Models,3404,NA,0,NA,100.00,NA
mmarc_Aminoglycosides68_blast_augmented,Models,48,NA,0,NA,100.00,NA
mmarc_Tetracyclines44,Models,72,NA,0,NA,100.00,NA
mmarc_MLS88,Models,32,NA,0,NA,100.00,NA
mmarc_betalactams175,Models,138,NA,0,NA,100.00,NA
mmarc_betalactams116_blast_augmented,Models,156,NA,0,NA,100.00,NA
mmarc_Tetracyclines38_blast_augmented,Models,80,NA,0,NA,100.00,NA
mmarc_Aminoglycosides104,Models,104,NA,0,NA,100.00,NA
mmarc_Fluoroquinolones52,Models,132,NA,0,NA,100.00,NA
mmarc_Multi-drug_resistance114_blast_augmented,Models,2680,NA,0,NA,100.00,NA
mmarc_betalactams11_blast_augmented,Models,1076,NA,0,NA,100.00,NA
mmarc_Glycopeptides12_blast_augmented,Models,64,NA,0,NA,100.00,NA
mmarc_Aminoglycosides7_blast_augmented,Models,286,NA,0,NA,100.00,NA
mmarc_Metronidazole4,Models,48,NA,0,NA,100.00,NA
mmarc_Multi-drug_resistance120_blast_augmented,Models,4134,NA,0,NA,100.00,NA
mmarc_Rifampin23,Models,240,NA,0,NA,100.00,NA
mmarc_Rifampin22,Models,232,NA,0,NA,100.00,NA
mmarc_betalactams178,Models,52,NA,0,NA,100.00,NA
mmarc_MLS76,Models,60,NA,0,NA,100.00,NA
mmarc_Tetracyclines51,Models,160,NA,0,NA,100.00,NA
mmarc_Aminoglycosides26_blast_augmented,Models,160,NA,0,NA,100.00,NA
mmarc_Multi-drug_resistance34_blast_augmented,Models,1170,NA,0,NA,100.00,NA
mmarc_Rifampin10_blast_augmented,Models,230,NA,0,NA,100.00,NA
mmarc_MLS54_blast_augmented,Models,176,NA,0,NA,100.00,NA
mmarc_Multi-drug_resistance46_blast_augmented,Models,2852,NA,0,NA,100.00,NA
mmarc_Glycopeptides24_blast_augmented,Models,900,NA,0,NA,100.00,NA
mmarc_Tetracyclines64,Models,240,NA,0,NA,100.00,NA
mmarc_betalactams179,Models,785,NA,13,NA,99.07,NA
mmarc_Tetracyclines30_blast_augmented,Models,180,NA,0,NA,100.00,NA
mmarc_Sulfonamides18_blast_augmented,Models,130,NA,0,NA,100.00,NA
mmarc_betalactams192,Models,82,NA,0,NA,100.00,NA
mmarc_Aminoglycosides66_blast_augmented,Models,104,NA,0,NA,100.00,NA
mmarc_Fluoroquinolones15_blast_augmented,Models,430,NA,0,NA,100.00,NA
mmarc_Multi-drug_resistance19_blast_augmented,Models,10268,NA,0,NA,100.00,NA
mmarc_Tetracyclines35_blast_augmented,Models,1497,NA,1,NA,99.94,NA
mmarc_Aminoglycosides111,Models,30,NA,0,NA,100.00,NA
mmarc_Multi-drug_resistance43_blast_augmented,Models,498,NA,0,NA,100.00,NA
mmarc_Rifampin2_blast_augmented,Models,24554,NA,0,NA,100.00,NA
mmarc_betalactams98_blast_augmented,Models,52,NA,0,NA,100.00,NA
mmarc_MLS69,Models,130,NA,0,NA,100.00,NA
mmarc_Aminoglycosides5_blast_augmented,Models,1076,NA,0,NA,100.00,NA
mmarc_Aminoglycosides53_blast_augmented,Models,98,NA,0,NA,100.00,NA
mmarc_Metronidazole1_blast_augmented,Models,48,NA,0,NA,100.00,NA
mmarc_Glycopeptides80,Models,60,NA,0,NA,100.00,NA
mmarc_Fluoroquinolones61,Models,60,NA,0,NA,100.00,NA
mmarc_betalactams54_blast_augmented,Models,1390,NA,0,NA,100.00,NA
mmarc_Multi-drug_resistance53_blast_augmented,Models,1344,NA,0,NA,100.00,NA
mmarc_Aminocoumarins15,Models,300,NA,0,NA,100.00,NA
mmarc_Aminoglycosides25_blast_augmented,Models,78,NA,0,NA,100.00,NA
mmarc_Multi-drug_resistance13_blast_augmented,Models,1836,NA,0,NA,100.00,NA
mmarc_Tetracyclines62,Models,192,NA,0,NA,100.00,NA
mmarc_betalactams193,Models,242,NA,0,NA,100.00,NA
mmarc_Sulfonamides6_blast_augmented,Models,53,NA,5,NA,93.59,NA
mmarc_Thiostrepton1_blast_augmented,Models,2232,NA,0,NA,100.00,NA
mmarc_Multi-drug_resistance148_blast_augmented,Models,1980,NA,0,NA,100.00,NA
mmarc_Glycopeptides65,Models,20,NA,0,NA,100.00,NA
mmarc_Aminoglycosides27_blast_augmented,Models,78,NA,0,NA,100.00,NA
mmarc_Sulfonamides3_blast_augmented,Models,1812,NA,0,NA,100.00,NA
mmarc_Elfamycins10,Models,106,NA,0,NA,100.00,NA
mmarc_Rifampin24,Models,1182,NA,0,NA,100.00,NA
mmarc_Elfamycins4_blast_augmented,Models,20302,NA,0,NA,100.00,NA
mmarc_Multi-drug_resistance86_blast_augmented,Models,3680,NA,0,NA,100.00,NA
mmarc_Aminoglycosides134,Models,20,NA,0,NA,100.00,NA
mmarc_Multi-drug_resistance24_blast_augmented,Models,2240,NA,0,NA,100.00,NA
mmarc_Aminocoumarins10_blast_augmented,Models,1122,NA,0,NA,100.00,NA
mmarc_Multi-drug_resistance110_blast_augmented,Models,2250,NA,0,NA,100.00,NA
mmarc_Multi-drug_resistance50_blast_augmented,Models,360,NA,0,NA,100.00,NA
mmarc_Fosfomycin11_blast_augmented,Models,30,NA,0,NA,100.00,NA
mmarc_Phenicol40,Models,104,NA,0,NA,100.00,NA
mmarc_betalactams26_blast_augmented,Models,4894,NA,0,NA,100.00,NA
mmarc_Multi-drug_resistance90_blast_augmented,Models,1188,NA,0,NA,100.00,NA
mmarc_betalactams155,Models,182,NA,0,NA,100.00,NA
mmarc_Multi-drug_resistance79_blast_augmented,Models,168,NA,0,NA,100.00,NA
mmarc_MLS67,Models,226,NA,0,NA,100.00,NA
mmarc_Glycopeptides17_blast_augmented,Models,480,NA,0,NA,100.00,NA
mmarc_Multi-drug_resistance31_blast_augmented,Models,770,NA,0,NA,100.00,NA
mmarc_Aminoglycosides57_blast_augmented,Models,2314,NA,0,NA,100.00,NA
mmarc_betalactams65_blast_augmented,Models,124,NA,0,NA,100.00,NA
mmarc_Glycopeptides90,Models,60,NA,0,NA,100.00,NA
mmarc_betalactams186,Models,288,NA,0,NA,100.00,NA
mmarc_Aminoglycosides100,Models,52,NA,0,NA,100.00,NA
mmarc_Phenicol41,Models,56,NA,0,NA,100.00,NA
mmarc_MLS66,Models,120,NA,0,NA,100.00,NA
mmarc_Fluoroquinolones16_blast_augmented,Models,1440,NA,0,NA,100.00,NA
mmarc_Tetracyclines60,Models,152,NA,0,NA,100.00,NA
mmarc_Tetracyclines53,Models,138,NA,0,NA,100.00,NA
mmarc_Multi-drug_resistance115_blast_augmented,Models,12100,NA,0,NA,100.00,NA
mmarc_betalactams127,Models,242,NA,0,NA,100.00,NA
mmarc_Phenicol39,Models,516,NA,2,NA,99.67,NA
mmarc_Multi-drug_resistance64_blast_augmented,Models,6500,NA,0,NA,100.00,NA
mmarc_Glycopeptides49_blast_augmented,Models,78,NA,0,NA,100.00,NA
mmarc_Multi-drug_resistance7_blast_augmented,Models,3498,NA,0,NA,100.00,NA
mmarc_Multi-drug_resistance33_blast_augmented,Models,9684,NA,0,NA,100.00,NA
mmarc_Multi-drug_resistance118_blast_augmented,Models,1316,NA,0,NA,100.00,NA
mmarc_Tetracyclines12_blast_augmented,Models,90,NA,0,NA,100.00,NA
mmarc_betalactams94_blast_augmented,Models,60,NA,0,NA,100.00,NA
mmarc_Multi-drug_resistance138_blast_augmented,Models,2116,NA,0,NA,100.00,NA
mmarc_Aminoglycosides109,Models,32,NA,0,NA,100.00,NA
mmarc_Trimethoprim9_blast_augmented,Models,128,NA,0,NA,100.00,NA
mmarc_Multi-drug_resistance131_blast_augmented,Models,3400,NA,0,NA,100.00,NA
mmarc_Multi-drug_resistance41_blast_augmented,Models,6380,NA,0,NA,100.00,NA
mmarc_Aminoglycosides130,Models,48,NA,0,NA,100.00,NA
mmarc_Aminoglycosides86_blast_augmented,Models,48,NA,0,NA,100.00,NA
mmarc_betalactams89_blast_augmented,Models,182,NA,0,NA,100.00,NA
mmarc_Aminoglycosides51_blast_augmented,Models,90,NA,0,NA,100.00,NA
mmarc_Fluoroquinolones8_blast_augmented,Models,240,NA,0,NA,100.00,NA
mmarc_Multi-drug_resistance145_blast_augmented,Models,2448,NA,0,NA,100.00,NA
mmarc_Glycopeptides20_blast_augmented,Models,72,NA,0,NA,100.00,NA
mmarc_Glycopeptides68,Models,72,NA,0,NA,100.00,NA
mmarc_Tetracyclines33_blast_augmented,Models,100,NA,0,NA,100.00,NA
mmarc_Mycobacterium_tuberculosis-specific_Drug7,Models,424,NA,0,NA,100.00,NA
mmarc_betalactams198,Models,240,NA,0,NA,100.00,NA
mmarc_Multi-drug_resistance39_blast_augmented,Models,630,NA,0,NA,100.00,NA
mmarc_Aminoglycosides13_blast_augmented,Models,48,NA,0,NA,100.00,NA
mmarc_betalactams61_blast_augmented,Models,6768,NA,0,NA,100.00,NA
mmarc_Multi-drug_resistance165,Models,100,NA,0,NA,100.00,NA
mmarc_Tetracyclines59,Models,180,NA,0,NA,100.00,NA
mmarc_Trimethoprim6_blast_augmented,Models,452,NA,0,NA,100.00,NA
mmarc_Multi-drug_resistance26_blast_augmented,Models,2116,NA,0,NA,100.00,NA
mmarc_Phenicol9_blast_augmented,Models,100,NA,0,NA,100.00,NA
mmarc_betalactams21_blast_augmented,Models,78,NA,0,NA,100.00,NA
mmarc_Fluoroquinolones63,Models,180,NA,0,NA,100.00,NA
mmarc_Aminoglycosides34_blast_augmented,Models,182,NA,0,NA,100.00,NA
mmarc_Aminoglycosides24_blast_augmented,Models,52,NA,0,NA,100.00,NA
mmarc_Multi-drug_resistance106_blast_augmented,Models,6744,NA,0,NA,100.00,NA
mmarc_Multi-drug_resistance105_blast_augmented,Models,4032,NA,0,NA,100.00,NA
mmarc_Aminoglycosides114,Models,198,NA,0,NA,100.00,NA
mmarc_Multi-drug_resistance135_blast_augmented,Models,3528,NA,0,NA,100.00,NA
mmarc_Multi-drug_resistance124_blast_augmented,Models,10084,NA,0,NA,100.00,NA
mmarc_Multi-drug_resistance122_blast_augmented,Models,1780,NA,0,NA,100.00,NA
mmarc_Cationic_antimicrobial_peptides5_blast_augmented,Models,672,NA,0,NA,100.00,NA
mmarc_Multi-drug_resistance42_blast_augmented,Models,1280,NA,0,NA,100.00,NA
mmarc_Fluoroquinolones4_blast_augmented,Models,9636,NA,0,NA,100.00,NA
mmarc_betalactams166,Models,16,NA,56,NA,57.58,NA
mmarc_Aminocoumarins2_blast_augmented,Models,198,NA,0,NA,100.00,NA
mmarc_Aminoglycosides127,Models,50,NA,2,NA,96.15,NA
mmarc_Cationic_antimicrobial_peptides3_blast_augmented,Models,4210,NA,0,NA,100.00,NA
mmarc_Multi-drug_resistance129_blast_augmented,Models,780,NA,0,NA,100.00,NA
mmarc_Multi-drug_resistance67_blast_augmented,Models,4168,NA,0,NA,100.00,NA
mmarc_Multi-drug_resistance2_blast_augmented,Models,1196,NA,0,NA,100.00,NA
mmarc_Tetracyclines55,Models,54,NA,6,NA,92.50,NA
mmarc_Fluoroquinolones56,Models,156,NA,0,NA,100.00,NA
mmarc_betalactams181,Models,240,NA,0,NA,100.00,NA
mmarc_betalactams173,Models,52,NA,0,NA,100.00,NA
mmarc_Trimethoprim26,Models,96,NA,0,NA,100.00,NA
mmarc_Rifampin17_blast_augmented,Models,48,NA,0,NA,100.00,NA
mmarc_Rifampin26,Models,272,NA,0,NA,100.00,NA
mmarc_Aminoglycosides82_blast_augmented,Models,182,NA,0,NA,100.00,NA
mmarc_MLS38_blast_augmented,Models,100,NA,0,NA,100.00,NA
mmarc_Phenicol43,Models,436,NA,0,NA,100.00,NA
mmarc_betalactams159,Models,1028,NA,0,NA,100.00,NA
mmarc_Aminoglycosides105,Models,48,NA,0,NA,100.00,NA
mmarc_Multi-drug_resistance69_blast_augmented,Models,4186,NA,0,NA,100.00,NA
mmarc_Cationic_antimicrobial_peptides1_blast_augmented,Models,2350,NA,0,NA,100.00,NA
mmarc_betalactams145,Models,52,NA,0,NA,100.00,NA
mmarc_Multi-drug_resistance149_blast_augmented,Models,704,NA,0,NA,100.00,NA
mmarc_Phenicol37,Models,40,NA,0,NA,100.00,NA
mmarc_betalactams126,Models,58,NA,28,NA,76.67,NA
mmarc_Glycopeptides74,Models,144,NA,40,NA,66.67,NA
mmarc_betalactams16_blast_augmented,Models,86,NA,0,NA,100.00,NA
mmarc_Multi-drug_resistance61_blast_augmented,Models,786,NA,0,NA,100.00,NA
mmarc_Fluoroquinolones64,Models,160,NA,0,NA,100.00,NA
mmarc_Tetracyclines41,Models,80,NA,0,NA,100.00,NA
mmarc_Fluoroquinolones26_blast_augmented,Models,1632,NA,0,NA,100.00,NA
mmarc_Aminoglycosides84_blast_augmented,Models,52,NA,0,NA,100.00,NA
mmarc_Phenicol5_blast_augmented,Models,252,NA,0,NA,100.00,NA
mmarc_betalactams184,Models,56,NA,0,NA,100.00,NA
mmarc_Multi-drug_resistance112_blast_augmented,Models,230,NA,0,NA,100.00,NA
mmarc_Phenicol22_blast_augmented,Models,72,NA,0,NA,100.00,NA
mmarc_Aminoglycosides61_blast_augmented,Models,880,NA,0,NA,100.00,NA
mmarc_Multi-drug_resistance37_blast_augmented,Models,1152,NA,0,NA,100.00,NA
mmarc_Rifampin28,Models,272,NA,0,NA,100.00,NA
mmarc_Glycopeptides44_blast_augmented,Models,60,NA,0,NA,100.00,NA
mmarc_Sulfonamides11_blast_augmented,Models,1924,NA,0,NA,100.00,NA
mmarc_Fluoroquinolones55,Models,602,NA,0,NA,100.00,NA
mmarc_Tetracyclines46,Models,252,NA,0,NA,100.00,NA
mmarc_Multi-drug_resistance144_blast_augmented,Models,920,NA,0,NA,100.00,NA
mmarc_betalactams41_blast_augmented,Models,32784,NA,0,NA,100.00,NA
mmarc_MLS81,Models,90,NA,0,NA,100.00,NA
mmarc_Multi-drug_resistance77_blast_augmented,Models,5000,NA,0,NA,100.00,NA
mmarc_Aminoglycosides23_blast_augmented,Models,78,NA,0,NA,100.00,NA
mmarc_betalactams67_blast_augmented,Models,4166,NA,0,NA,100.00,NA
mmarc_betalactams104_blast_augmented,Models,208,NA,0,NA,100.00,NA
mmarc_Cationic_antimicrobial_peptides9_blast_augmented,Models,3956,NA,0,NA,100.00,NA
mmarc_betalactams52_blast_augmented,Models,156,NA,0,NA,100.00,NA
mmarc_Multi-drug_resistance91_blast_augmented,Models,1564,NA,0,NA,100.00,NA
mmarc_Sulfonamides19,Models,130,NA,0,NA,100.00,NA
mmarc_Multi-drug_resistance78_blast_augmented,Models,1936,NA,0,NA,100.00,NA
mmarc_betalactams162,Models,598,NA,0,NA,100.00,NA
mmarc_Multi-drug_resistance175,Models,92,NA,0,NA,100.00,NA
mmarc_Cationic_antimicrobial_peptides7_blast_augmented,Models,1548,NA,0,NA,100.00,NA
mmarc_Glycopeptides22_blast_augmented,Models,78,NA,0,NA,100.00,NA
mmarc_Rifampin6_blast_augmented,Models,30,NA,0,NA,100.00,NA
mmarc_MLS14_blast_augmented,Models,1612,NA,0,NA,100.00,NA
mmarc_Glycopeptides59,Models,90,NA,0,NA,100.00,NA
mmarc_Aminoglycosides112,Models,64,NA,0,NA,100.00,NA
mmarc_Aminoglycosides93,Models,32,NA,0,NA,100.00,NA
mmarc_Tetracyclines43,Models,120,NA,0,NA,100.00,NA
mmarc_Glycopeptides64,Models,120,NA,0,NA,100.00,NA
mmarc_Glycopeptides69,Models,135,NA,1,NA,99.29,NA
mmarc_Sulfonamides2_blast_augmented,Models,598,NA,0,NA,100.00,NA
mmarc_Bacitracin2_blast_augmented,Models,60,NA,0,NA,100.00,NA
mmarc_betalactams124,Models,144,NA,0,NA,100.00,NA
mmarc_Aminoglycosides129,Models,52,NA,0,NA,100.00,NA
mmarc_Aminocoumarins20,Models,254,NA,0,NA,100.00,NA
mmarc_betalactams201,Models,358,NA,0,NA,100.00,NA
mmarc_betalactams129,Models,358,NA,0,NA,100.00,NA
mmarc_betalactams115_blast_augmented,Models,3086,NA,0,NA,100.00,NA
mmarc_betalactams156,Models,2921,NA,19,NA,99.59,NA
mmarc_Fluoroquinolones17_blast_augmented,Models,6720,NA,0,NA,100.00,NA
mmarc_betalactams120,Models,242,NA,0,NA,100.00,NA
mmarc_Glycopeptides27_blast_augmented,Models,280,NA,0,NA,100.00,NA
mmarc_Fosfomycin14_blast_augmented,Models,430,NA,0,NA,100.00,NA
mmarc_MLS5_blast_augmented,Models,2186,NA,0,NA,100.00,NA
mmarc_Aminoglycosides121,Models,1098,NA,2,NA,99.87,NA
mmarc_Aminoglycosides116,Models,138,NA,0,NA,100.00,NA
mmarc_Tetracyclines45,Models,60,NA,12,NA,86.96,NA
mmarc_Sulfonamides25,Models,72,NA,0,NA,100.00,NA
mmarc_betalactams58_blast_augmented,Models,52,NA,0,NA,100.00,NA
mmarc_Multi-drug_resistance73_blast_augmented,Models,2088,NA,36,NA,98.31,NA
mmarc_Fluoroquinolones22_blast_augmented,Models,652,NA,0,NA,100.00,NA
mmarc_betalactams208,Models,182,NA,0,NA,100.00,NA
mmarc_MLS44_blast_augmented,Models,252,NA,0,NA,100.00,NA
mmarc_betalactams199,Models,112,NA,0,NA,100.00,NA
mmarc_betalactams196,Models,78,NA,0,NA,100.00,NA
mmarc_betalactams185,Models,260,NA,0,NA,100.00,NA
mmarc_Rifampin4_blast_augmented,Models,152,NA,0,NA,100.00,NA
mmarc_Glycopeptides42_blast_augmented,Models,78,NA,0,NA,100.00,NA
mmarc_Phenicol28_blast_augmented,Models,240,NA,0,NA,100.00,NA
mmarc_Rifampin7_blast_augmented,Models,464,NA,0,NA,100.00,NA
mmarc_Aminoglycosides96,Models,64,NA,0,NA,100.00,NA
mmarc_Aminoglycosides125,Models,40,NA,0,NA,100.00,NA
mmarc_betalactams152,Models,714,NA,0,NA,100.00,NA
mmarc_Fluoroquinolones45,Models,120,NA,0,NA,100.00,NA
mmarc_Glycopeptides67,Models,132,NA,0,NA,100.00,NA
mmarc_Glycopeptides78,Models,60,NA,0,NA,100.00,NA
mmarc_MLS60,Models,72,NA,0,NA,100.00,NA
mmarc_Multi-drug_resistance104_blast_augmented,Models,8540,NA,0,NA,100.00,NA
mmarc_Tetracyclines21_blast_augmented,Models,240,NA,0,NA,100.00,NA
mmarc_betalactams195,Models,180,NA,0,NA,100.00,NA
mmarc_Aminoglycosides46_blast_augmented,Models,128,NA,0,NA,100.00,NA
mmarc_betalactams149,Models,264,NA,0,NA,100.00,NA
mmarc_Multi-drug_resistance172,Models,170,NA,16,NA,92.45,NA
mmarc_Multi-drug_resistance60_blast_augmented,Models,1640,NA,20,NA,98.80,NA
mmarc_Tetracyclines15_blast_augmented,Models,72,NA,0,NA,100.00,NA
mmarc_betalactams46_blast_augmented,Models,104,NA,0,NA,100.00,NA
mmarc_Aminocoumarins7_blast_augmented,Models,1386,NA,0,NA,100.00,NA
mmarc_Glycopeptides81,Models,116,NA,0,NA,100.00,NA
mmarc_Aminoglycosides101,Models,104,NA,0,NA,100.00,NA
mmarc_Glycopeptides55_blast_augmented,Models,144,NA,0,NA,100.00,NA
mmarc_betalactams167,Models,52,NA,0,NA,100.00,NA
mmarc_Multi-drug_resistance11_blast_augmented,Models,656,NA,0,NA,100.00,NA
mmarc_Aminoglycosides40_blast_augmented,Models,832,NA,0,NA,100.00,NA
mmarc_Multi-drug_resistance22_blast_augmented,Models,68296,NA,0,NA,100.00,NA
mmarc_Aminoglycosides45_blast_augmented,Models,5388,NA,0,NA,100.00,NA
mmarc_Tetracyclines61,Models,108,NA,0,NA,100.00,NA
mmarc_Fluoroquinolones54,Models,450,NA,0,NA,100.00,NA
mmarc_Glycopeptides60,Models,90,NA,0,NA,100.00,NA
mmarc_Phenicol19_blast_augmented,Models,280,NA,0,NA,100.00,NA
mmarc_Aminocoumarins9_blast_augmented,Models,3102,NA,0,NA,100.00,NA
mmarc_Rifampin8_blast_augmented,Models,1366,NA,156,NA,91.81,NA
mmarc_betalactams92_blast_augmented,Models,430,NA,0,NA,100.00,NA
mmarc_Phenicol11_blast_augmented,Models,668,NA,0,NA,100.00,NA
mmarc_Fluoroquinolones65,Models,72,NA,0,NA,100.00,NA
mmarc_Multi-drug_resistance9_blast_augmented,Models,6600,NA,0,NA,100.00,NA
mmarc_Multi-drug_resistance29_blast_augmented,Models,6988,NA,0,NA,100.00,NA
mmarc_Aminoglycosides39_blast_augmented,Models,218,NA,0,NA,100.00,NA
mmarc_Aminoglycosides132,Models,104,NA,0,NA,100.00,NA
mmarc_Sulfonamides22,Models,52,NA,0,NA,100.00,NA
mmarc_Multi-drug_resistance166,Models,72,NA,0,NA,100.00,NA
mmarc_betalactams4_blast_augmented,Models,292,NA,0,NA,100.00,NA
mmarc_Aminoglycosides77_blast_augmented,Models,2434,NA,0,NA,100.00,NA
mmarc_Fluoroquinolones31_blast_augmented,Models,720,NA,0,NA,100.00,NA
mmarc_betalactams137,Models,104,NA,0,NA,100.00,NA
mmarc_Rifampin12_blast_augmented,Models,3406,NA,6,NA,99.83,NA
mmarc_Multi-drug_resistance119_blast_augmented,Models,290,NA,0,NA,100.00,NA
mmarc_Multi-drug_resistance92_blast_augmented,Models,670,NA,0,NA,100.00,NA
mmarc_Glycopeptides61,Models,76,NA,0,NA,100.00,NA
mmarc_Trimethoprim20,Models,32,NA,0,NA,100.00,NA
mmarc_Multi-drug_resistance38_blast_augmented,Models,216,NA,0,NA,100.00,NA
mmarc_Cationic_antimicrobial_peptides2_blast_augmented,Models,1020,NA,0,NA,100.00,NA
mmarc_Glycopeptides87,Models,120,NA,0,NA,100.00,NA
mmarc_betalactams151,Models,60,NA,0,NA,100.00,NA
mmarc_Fosfomycin8_blast_augmented,Models,70,NA,0,NA,100.00,NA
mmarc_Tetracyclines36_blast_augmented,Models,374,NA,0,NA,100.00,NA
mmarc_Multi-drug_resistance70_blast_augmented,Models,1260,NA,0,NA,100.00,NA
mmarc_Aminoglycosides12_blast_augmented,Models,208,NA,0,NA,100.00,NA
mmarc_MLS87,Models,76,NA,0,NA,100.00,NA
mmarc_betalactams146,Models,451,NA,1,NA,99.83,NA
mmarc_betalactams72_blast_augmented,Models,224,NA,0,NA,100.00,NA
mmarc_Glycopeptides86,Models,40,NA,0,NA,100.00,NA
mmarc_Aminoglycosides49_blast_augmented,Models,172,NA,0,NA,100.00,NA
mmarc_Multi-drug_resistance5_blast_augmented,Models,30,NA,0,NA,100.00,NA
mmarc_Cationic_antimicrobial_peptides4_blast_augmented,Models,360,NA,0,NA,100.00,NA
mmarc_MLS64,Models,260,NA,0,NA,100.00,NA
mmarc_betalactams76_blast_augmented,Models,786,NA,0,NA,100.00,NA
mmarc_Aminoglycosides44_blast_augmented,Models,272,NA,0,NA,100.00,NA
mmarc_Tetracyclines47,Models,162,NA,0,NA,100.00,NA
mmarc_Trimethoprim18,Models,96,NA,0,NA,100.00,NA
mmarc_Sulfonamides28,Models,486,NA,0,NA,100.00,NA
mmarc_Mycobacterium_tuberculosis-specific_Drug1_blast_augmented,Models,89,NA,1,NA,99.23,NA
mmarc_Fluoroquinolones44,Models,180,NA,0,NA,100.00,NA
mmarc_MLS65,Models,52,NA,0,NA,100.00,NA
mmarc_betalactams130,Models,442,NA,0,NA,100.00,NA
mmarc_Multi-drug_resistance151_blast_augmented,Models,380,NA,0,NA,100.00,NA
mmarc_Phenicol2_blast_augmented,Models,140,NA,0,NA,100.00,NA
mmarc_Multi-drug_resistance75_blast_augmented,Models,620,NA,0,NA,100.00,NA
mmarc_Tetracyclines25_blast_augmented,Models,60,NA,0,NA,100.00,NA
mmarc_betalactams139,Models,3638,NA,0,NA,100.00,NA
mmarc_Multi-drug_resistance176,Models,80,NA,0,NA,100.00,NA
mmarc_betalactams128,Models,548,NA,0,NA,100.00,NA
mmarc_Aminoglycosides115,Models,60,NA,0,NA,100.00,NA
mmarc_Fluoroquinolones42,Models,1032,NA,0,NA,100.00,NA
mmarc_betalactams176,Models,90,NA,0,NA,100.00,NA
mmarc_Rifampin3_blast_augmented,Models,114426,NA,0,NA,100.00,NA
mmarc_Aminoglycosides98,Models,60,NA,0,NA,100.00,NA
mmarc_Multi-drug_resistance71_blast_augmented,Models,2288,NA,0,NA,100.00,NA
mmarc_Multi-drug_resistance12_blast_augmented,Models,230,NA,0,NA,100.00,NA
mmarc_Multi-drug_resistance171,Models,60,NA,0,NA,100.00,NA
mmarc_Multi-drug_resistance16_blast_augmented,Models,6596,NA,0,NA,100.00,NA
mmarc_Multi-drug_resistance52_blast_augmented,Models,2160,NA,0,NA,100.00,NA
mmarc_Tetracyclines1_blast_augmented,Models,146,NA,0,NA,100.00,NA
mmarc_Phenicol24_blast_augmented,Models,1284,NA,0,NA,100.00,NA
mmarc_Aminoglycosides74_blast_augmented,Models,160,NA,0,NA,100.00,NA
mmarc_Aminoglycosides120,Models,52,NA,0,NA,100.00,NA
mmarc_Cationic_antimicrobial_peptides11_blast_augmented,Models,2640,NA,0,NA,100.00,NA
mmarc_Fluoroquinolones46,Models,240,NA,0,NA,100.00,NA
mmarc_Aminoglycosides18_blast_augmented,Models,64,NA,0,NA,100.00,NA
mmarc_Tetracyclines14_blast_augmented,Models,80,NA,0,NA,100.00,NA
mmarc_Phenicol31,Models,40,NA,0,NA,100.00,NA
mmarc_Multi-drug_resistance97_blast_augmented,Models,160,NA,0,NA,100.00,NA
mmarc_Trimethoprim19,Models,18,NA,0,NA,100.00,NA
mmarc_betalactams28_blast_augmented,Models,30,NA,0,NA,100.00,NA
mmarc_Tetracyclines56,Models,132,NA,0,NA,100.00,NA
mmarc_Multi-drug_resistance74_blast_augmented,Models,1140,NA,0,NA,100.00,NA
mmarc_betalactams59_blast_augmented,Models,246,NA,0,NA,100.00,NA
mmarc_Fosfomycin17,Models,30,NA,0,NA,100.00,NA
mmarc_betalactams177,Models,210,NA,0,NA,100.00,NA
mmarc_Fluoroquinolones35,Models,350,NA,0,NA,100.00,NA
mmarc_betalactams143,Models,60,NA,0,NA,100.00,NA
mmarc_Phenicol15_blast_augmented,Models,100,NA,0,NA,100.00,NA
mmarc_Multi-drug_resistance72_blast_augmented,Models,1296,NA,0,NA,100.00,NA
mmarc_Aminoglycosides83_blast_augmented,Models,156,NA,0,NA,100.00,NA
mmarc_betalactams209,Models,88,NA,0,NA,100.00,NA
mmarc_betalactams171,Models,156,NA,0,NA,100.00,NA
mmarc_Glycopeptides73,Models,92,NA,20,NA,86.11,NA
mmarc_MLS12_blast_augmented,Models,944,NA,0,NA,100.00,NA
mmarc_Multi-drug_resistance59_blast_augmented,Models,170,NA,0,NA,100.00,NA
mmarc_Aminoglycosides42_blast_augmented,Models,218,NA,0,NA,100.00,NA
mmarc_Tetracyclines32_blast_augmented,Models,216,NA,0,NA,100.00,NA
mmarc_Multi-drug_resistance152_blast_augmented,Models,4284,NA,0,NA,100.00,NA
mmarc_Tetracyclines63,Models,720,NA,0,NA,100.00,NA
mmarc_Sulfonamides20,Models,52,NA,0,NA,100.00,NA
mmarc_Fluoroquinolones66,Models,60,NA,0,NA,100.00,NA
mmarc_betalactams66_blast_augmented,Models,20,NA,0,NA,100.00,NA
mmarc_Aminocoumarins6_blast_augmented,Models,300,NA,0,NA,100.00,NA
mmarc_MLS71,Models,52,NA,0,NA,100.00,NA
mmarc_Multi-drug_resistance150_blast_augmented,Models,1260,NA,0,NA,100.00,NA
mmarc_Glycopeptides88,Models,210,NA,0,NA,100.00,NA
mmarc_Fluoroquinolones19_blast_augmented,Models,1520,NA,0,NA,100.00,NA
mmarc_Aminoglycosides33_blast_augmented,Models,48,NA,0,NA,100.00,NA
mmarc_betalactams180,Models,86,NA,0,NA,100.00,NA
mmarc_MLS42_blast_augmented,Models,460,NA,0,NA,100.00,NA
mmarc_betalactams1_blast_augmented,Models,4392,NA,0,NA,100.00,NA
mmarc_Multi-drug_resistance4_blast_augmented,Models,1520,NA,0,NA,100.00,NA
mmarc_Tetracyclines42,Models,120,NA,0,NA,100.00,NA
mmarc_Aminoglycosides95,Models,234,NA,0,NA,100.00,NA
mmarc_MLS15_blast_augmented,Models,1242,NA,0,NA,100.00,NA
mmarc_Multi-drug_resistance168,Models,80,NA,0,NA,100.00,NA
mmarc_Tetracyclines57,Models,360,NA,0,NA,100.00,NA
mmarc_Phenicol25_blast_augmented,Models,2880,NA,0,NA,100.00,NA
mmarc_betalactams70_blast_augmented,Models,9774,NA,0,NA,100.00,NA
mmarc_Fosfomycin1_blast_augmented,Models,90,NA,0,NA,100.00,NA
mmarc_Multi-drug_resistance142_blast_augmented,Models,3392,NA,0,NA,100.00,NA
mmarc_Fluoroquinolones30_blast_augmented,Models,6160,NA,0,NA,100.00,NA
mmarc_Fosfomycin5_blast_augmented,Models,696,NA,0,NA,100.00,NA
mmarc_Fluoroquinolones43,Models,152,NA,0,NA,100.00,NA
mmarc_betalactams131,Models,1242,NA,0,NA,100.00,NA
mmarc_MLS83,Models,138,NA,0,NA,100.00,NA
mmarc_MLS7_blast_augmented,Models,90,NA,0,NA,100.00,NA
mmarc_MLS21_blast_augmented,Models,230,NA,0,NA,100.00,NA
mmarc_Glycopeptides37_blast_augmented,Models,180,NA,0,NA,100.00,NA
mmarc_Sulfonamides5_blast_augmented,Models,1538,NA,0,NA,100.00,NA
mmarc_Tetracyclines10_blast_augmented,Models,180,NA,0,NA,100.00,NA
mmarc_Fluoroquinolones21_blast_augmented,Models,3238,NA,0,NA,100.00,NA
mmarc_Fluoroquinolones47,Models,450,NA,0,NA,100.00,NA
mmarc_Tetracyclines23_blast_augmented,Models,70,NA,0,NA,100.00,NA
mmarc_betalactams7_blast_augmented,Models,650,NA,0,NA,100.00,NA
mmarc_betalactams207,Models,60,NA,0,NA,100.00,NA
mmarc_Sulfonamides16_blast_augmented,Models,442,NA,0,NA,100.00,NA
mmarc_Multi-drug_resistance132_blast_augmented,Models,880,NA,0,NA,100.00,NA
mmarc_Glycopeptides84,Models,210,NA,0,NA,100.00,NA
mmarc_betalactams188,Models,160,NA,0,NA,100.00,NA
mmarc_betalactams133,Models,828,NA,16,NA,98.45,NA
mmarc_Multi-drug_resistance141_blast_augmented,Models,2374,NA,0,NA,100.00,NA
mmarc_Trimethoprim24,Models,176,NA,0,NA,100.00,NA
mmarc_Glycopeptides76,Models,76,NA,0,NA,100.00,NA
mmarc_Tetracyclines29_blast_augmented,Models,180,NA,0,NA,100.00,NA
mmarc_Bacitracin3_blast_augmented,Models,60,NA,0,NA,100.00,NA
mmarc_Elfamycins16,Models,108,NA,0,NA,100.00,NA
mmarc_Aminoglycosides133,Models,46,NA,0,NA,100.00,NA
mmarc_Phenicol33,Models,60,NA,0,NA,100.00,NA
mmarc_Metronidazole3,Models,80,NA,0,NA,100.00,NA
mmarc_Rifampin5_blast_augmented,Models,15166,NA,0,NA,100.00,NA
mmarc_Glycopeptides63,Models,138,NA,0,NA,100.00,NA
mmarc_betalactams81_blast_augmented,Models,112,NA,0,NA,100.00,NA
mmarc_Aminocoumarins14,Models,180,NA,0,NA,100.00,NA
mmarc_Multi-drug_resistance169,Models,80,NA,0,NA,100.00,NA
mmarc_betalactams85_blast_augmented,Models,1330,NA,0,NA,100.00,NA
mmarc_Aminoglycosides9_blast_augmented,Models,130,NA,0,NA,100.00,NA
mmarc_Multi-drug_resistance98_blast_augmented,Models,2890,NA,0,NA,100.00,NA
mmarc_Fluoroquinolones59,Models,150,NA,0,NA,100.00,NA
mmarc_Fluoroquinolones2_blast_augmented,Models,12919,NA,1,NA,99.99,NA
mmarc_Aminoglycosides87_blast_augmented,Models,1404,NA,0,NA,100.00,NA
mmarc_Aminoglycosides41_blast_augmented,Models,104,NA,0,NA,100.00,NA
mmarc_Elfamycins5_blast_augmented,Models,3232,NA,0,NA,100.00,NA
mmarc_Tetracyclines5_blast_augmented,Models,1624,NA,0,NA,100.00,NA
mmarc_betalactams121,Models,332,NA,0,NA,100.00,NA
mmarc_MLS86,Models,72,NA,0,NA,100.00,NA
mmarc_Multi-drug_resistance6_blast_augmented,Models,5600,NA,0,NA,100.00,NA
mmarc_Trimethoprim12_blast_augmented,Models,80,NA,0,NA,100.00,NA
mmarc_Aminoglycosides31_blast_augmented,Models,1692,NA,0,NA,100.00,NA
mmarc_betalactams68_blast_augmented,Models,182,NA,0,NA,100.00,NA
mmarc_MLS80,Models,102,NA,0,NA,100.00,NA
mmarc_Phenicol3_blast_augmented,Models,792,NA,0,NA,100.00,NA
mmarc_Glycopeptides83,Models,120,NA,0,NA,100.00,NA
mmarc_betalactams190,Models,8920,NA,0,NA,100.00,NA
mmarc_Multi-drug_resistance128_blast_augmented,Models,726,NA,0,NA,100.00,NA
mmarc_betalactams5_blast_augmented,Models,40,NA,0,NA,100.00,NA
mmarc_Fluoroquinolones3_blast_augmented,Models,176,NA,0,NA,100.00,NA
mmarc_betalactams132,Models,202,NA,4,NA,98.57,NA
mmarc_betalactams165,Models,448,NA,2,NA,99.61,NA
mmarc_betalactams200,Models,422,NA,0,NA,100.00,NA
mmarc_Multi-drug_resistance84_blast_augmented,Models,1836,NA,0,NA,100.00,NA
mmarc_Fluoroquinolones23_blast_augmented,Models,3950,NA,0,NA,100.00,NA
mmarc_Multi-drug_resistance45_blast_augmented,Models,1584,NA,0,NA,100.00,NA
mmarc_betalactams135,Models,192,NA,0,NA,100.00,NA
mmarc_betalactams125,Models,60,NA,0,NA,100.00,NA
mmarc_Tetracyclines52,Models,180,NA,0,NA,100.00,NA
mmarc_Multi-drug_resistance23_blast_augmented,Models,13854,NA,0,NA,100.00,NA
mmarc_Aminoglycosides117,Models,604,NA,0,NA,100.00,NA
mmarc_Elfamycins13,Models,216,NA,0,NA,100.00,NA
mmarc_betalactams34_blast_augmented,Models,156,NA,0,NA,100.00,NA
mmarc_Fluoroquinolones12_blast_augmented,Models,720,NA,0,NA,100.00,NA
mmarc_Sulfonamides10_blast_augmented,Models,1742,NA,0,NA,100.00,NA
mmarc_Multi-drug_resistance140_blast_augmented,Models,1040,NA,0,NA,100.00,NA
mmarc_Fluoroquinolones14_blast_augmented,Models,2052,NA,0,NA,100.00,NA
mmarc_Tetracyclines66,Models,52,NA,4,NA,94.44,NA
mmarc_Multi-drug_resistance81_blast_augmented,Models,270,NA,0,NA,100.00,NA
mmarc_betalactams157,Models,156,NA,0,NA,100.00,NA
mmarc_Glycopeptides71,Models,64,NA,0,NA,100.00,NA
mmarc_MLS13_blast_augmented,Models,46,NA,14,NA,82.50,NA
mmarc_Rifampin15_blast_augmented,Models,1800,NA,0,NA,100.00,NA
mmarc_betalactams39_blast_augmented,Models,384,NA,0,NA,100.00,NA
mmarc_Cationic_antimicrobial_peptides8_blast_augmented,Models,1580,NA,0,NA,100.00,NA
mmarc_Multi-drug_resistance93_blast_augmented,Models,760,NA,0,NA,100.00,NA
mmarc_Multi-drug_resistance107_blast_augmented,Models,3180,NA,0,NA,100.00,NA
mmarc_betalactams100_blast_augmented,Models,1020,NA,0,NA,100.00,NA
mmarc_MLS2_blast_augmented,Models,480,NA,0,NA,100.00,NA
mmarc_Sulfonamides13_blast_augmented,Models,612,NA,0,NA,100.00,NA
mmarc_Multi-drug_resistance136_blast_augmented,Models,1560,NA,0,NA,100.00,NA
mmarc_Glycopeptides77,Models,60,NA,0,NA,100.00,NA
mmarc_betalactams32_blast_augmented,Models,708,NA,0,NA,100.00,NA
mmarc_betalactams57_blast_augmented,Models,898,NA,0,NA,100.00,NA
mmarc_Tetracyclines18_blast_augmented,Models,646,NA,0,NA,100.00,NA
mmarc_Multi-drug_resistance8_blast_augmented,Models,540,NA,0,NA,100.00,NA
mmarc_Multi-drug_resistance174,Models,200,NA,0,NA,100.00,NA
mmarc_Aminoglycosides78_blast_augmented,Models,1560,NA,0,NA,100.00,NA
mmarc_betalactams187,Models,182,NA,0,NA,100.00,NA
mmarc_betalactams174,Models,2058,NA,0,NA,100.00,NA
mmarc_Tetracyclines65,Models,368,NA,0,NA,100.00,NA
mmarc_MLS46_blast_augmented,Models,150,NA,0,NA,100.00,NA
mmarc_Multi-drug_resistance21_blast_augmented,Models,4664,NA,0,NA,100.00,NA
mmarc_Multi-drug_resistance55_blast_augmented,Models,110,NA,0,NA,100.00,NA
mmarc_MLS68,Models,52,NA,0,NA,100.00,NA
mmarc_Multi-drug_resistance121_blast_augmented,Models,2268,NA,0,NA,100.00,NA
mmarc_Multi-drug_resistance130_blast_augmented,Models,1160,NA,0,NA,100.00,NA
mmarc_Multi-drug_resistance96_blast_augmented,Models,1104,NA,0,NA,100.00,NA
mmarc_Multi-drug_resistance65_blast_augmented,Models,180,NA,0,NA,100.00,NA
mmarc_Tetracyclines67,Models,72,NA,0,NA,100.00,NA
mmarc_Tetracyclines50,Models,200,NA,0,NA,100.00,NA
mmarc_Glycopeptides82,Models,72,NA,0,NA,100.00,NA
mmarc_Multi-drug_resistance101_blast_augmented,Models,3120,NA,0,NA,100.00,NA
mmarc_Fluoroquinolones24_blast_augmented,Models,1360,NA,0,NA,100.00,NA
mmarc_Tetracyclines34_blast_augmented,Models,220,NA,0,NA,100.00,NA
mmarc_Multi-drug_resistance170,Models,92,NA,0,NA,100.00,NA
mmarc_Glycopeptides19_blast_augmented,Models,300,NA,0,NA,100.00,NA
mmarc_betalactams197,Models,78,NA,0,NA,100.00,NA
mmarc_Tetracyclines11_blast_augmented,Models,80,NA,0,NA,100.00,NA
mmarc_betalactams183,Models,182,NA,0,NA,100.00,NA
mmarc_MLS78,Models,52,NA,0,NA,100.00,NA
mmarc_MLS77,Models,240,NA,0,NA,100.00,NA
mmarc_Tetracyclines54,Models,180,NA,0,NA,100.00,NA
mmarc_Multi-drug_resistance133_blast_augmented,Models,1600,NA,0,NA,100.00,NA
mmarc_MLS1_blast_augmented,Models,2040,NA,0,NA,100.00,NA
mmarc_MLS58,Models,52,NA,0,NA,100.00,NA
mmarc_Multi-drug_resistance17_blast_augmented,Models,3278,NA,0,NA,100.00,NA
mmarc_betalactams158,Models,242,NA,0,NA,100.00,NA
mmarc_MLS61,Models,250,NA,0,NA,100.00,NA
mmarc_Rifampin30,Models,32,NA,0,NA,100.00,NA
mmarc_Multi-drug_resistance99_blast_augmented,Models,1764,NA,0,NA,100.00,NA
mmarc_Aminoglycosides126,Models,58,NA,0,NA,100.00,NA
mmarc_betalactams154,Models,350,NA,0,NA,100.00,NA
mmarc_Phenicol26_blast_augmented,Models,1320,NA,0,NA,100.00,NA
mmarc_betalactams202,Models,52,NA,0,NA,100.00,NA
mmarc_betalactams10_blast_augmented,Models,78,NA,0,NA,100.00,NA
mmarc_MLS79,Models,40,NA,0,NA,100.00,NA
mmarc_Multi-drug_resistance167,Models,92,NA,0,NA,100.00,NA
mmarc_Aminoglycosides97,Models,20,NA,0,NA,100.00,NA
mmarc_Rifampin29,Models,32,NA,0,NA,100.00,NA
mmarc_Phenicol17_blast_augmented,Models,80,NA,0,NA,100.00,NA
mmarc_betalactams3_blast_augmented,Models,120,NA,0,NA,100.00,NA
mmarc_Glycopeptides48_blast_augmented,Models,98,NA,0,NA,100.00,NA
mmarc_Fluoroquinolones60,Models,1600,NA,0,NA,100.00,NA
mmarc_Multi-drug_resistance66_blast_augmented,Models,3400,NA,0,NA,100.00,NA
mmarc_Multi-drug_resistance47_blast_augmented,Models,3096,NA,0,NA,100.00,NA
mmarc_Fluoroquinolones37,Models,172,NA,0,NA,100.00,NA
mmarc_Tetracyclines2_blast_augmented,Models,72,NA,0,NA,100.00,NA
mmarc_Rifampin16_blast_augmented,Models,11960,NA,172,NA,98.90,NA
mmarc_Cationic_antimicrobial_peptides6_blast_augmented,Models,1050,NA,0,NA,100.00,NA
mmarc_betalactams83_blast_augmented,Models,754,NA,0,NA,100.00,NA
mmarc_betalactams17_blast_augmented,Models,40,NA,0,NA,100.00,NA
mmarc_MLS50_blast_augmented,Models,1146,NA,0,NA,100.00,NA
mmarc_Multi-drug_resistance83_blast_augmented,Models,368,NA,0,NA,100.00,NA
mmarc_betalactams204,Models,72,NA,0,NA,100.00,NA
mmarc_Sulfonamides17_blast_augmented,Models,234,NA,0,NA,100.00,NA
mmarc_Aminocoumarins4_blast_augmented,Models,396,NA,0,NA,100.00,NA
mmarc_betalactams169,Models,8209,NA,43,NA,99.60,NA
mmarc_Rifampin20,Models,240,NA,0,NA,100.00,NA
mmarc_Multi-drug_resistance146_blast_augmented,Models,1500,NA,0,NA,100.00,NA
mmarc_Multi-drug_resistance40_blast_augmented,Models,3000,NA,0,NA,100.00,NA
mmarc_Aminocoumarins17,Models,120,NA,0,NA,100.00,NA
mmarc_Trimethoprim22,Models,51,NA,1,NA,98.33,NA
mmarc_Rifampin19,Models,348,NA,0,NA,100.00,NA
mmarc_betalactams93_blast_augmented,Models,612,NA,0,NA,100.00,NA
mmarc_Fluoroquinolones6_blast_augmented,Models,4610,NA,0,NA,100.00,NA
mmarc_MLS59,Models,40,NA,0,NA,100.00,NA
mmarc_betalactams203,Models,432,NA,0,NA,100.00,NA
mmarc_Glycopeptides46_blast_augmented,Models,40,NA,0,NA,100.00,NA
mmarc_Aminoglycosides80_blast_augmented,Models,80,NA,0,NA,100.00,NA
mmarc_Glycopeptides5_blast_augmented,Models,152,NA,0,NA,100.00,NA
mmarc_Elfamycins8,Models,180,NA,0,NA,100.00,NA
mmarc_Phenicol38,Models,24,NA,0,NA,100.00,NA
mmarc_Elfamycins2_blast_augmented,Models,7400,NA,0,NA,100.00,NA
mmarc_betalactams117_blast_augmented,Models,78,NA,0,NA,100.00,NA
mmarc_betalactams161,Models,942,NA,0,NA,100.00,NA
mmarc_Phenicol42,Models,72,NA,0,NA,100.00,NA
mmarc_Multi-drug_resistance30_blast_augmented,Models,6400,NA,0,NA,100.00,NA
mmarc_Phenicol10_blast_augmented,Models,336,NA,0,NA,100.00,NA
mmarc_Aminoglycosides22_blast_augmented,Models,5200,NA,0,NA,100.00,NA
mmarc_Aminoglycosides16_blast_augmented,Models,750,NA,0,NA,100.00,NA
mmarc_Bacitracin1_blast_augmented,Models,1014,NA,0,NA,100.00,NA
mmarc_Rifampin27,Models,1160,NA,0,NA,100.00,NA
mmarc_Glycopeptides66,Models,60,NA,0,NA,100.00,NA
mmarc_Multi-drug_resistance85_blast_augmented,Models,790,NA,0,NA,100.00,NA
mmarc_Sulfonamides12_blast_augmented,Models,84,NA,0,NA,100.00,NA
mmarc_MLS73,Models,160,NA,0,NA,100.00,NA
mmarc_betalactams163,Models,2310,NA,0,NA,100.00,NA
mmarc_Glycopeptides2_blast_augmented,Models,180,NA,0,NA,100.00,NA
mmarc_MLS90,Models,92,NA,0,NA,100.00,NA
mmarc_Glycopeptides23_blast_augmented,Models,130,NA,0,NA,100.00,NA
mmarc_Tetracyclines48,Models,140,NA,0,NA,100.00,NA
mmarc_Multi-drug_resistance173,Models,60,NA,0,NA,100.00,NA
mmarc_MLS39_blast_augmented,Models,98,NA,0,NA,100.00,NA
mmarc_Multi-drug_resistance117_blast_augmented,Models,322,NA,0,NA,100.00,NA
mmarc_Multi-drug_resistance57_blast_augmented,Models,2760,NA,0,NA,100.00,NA
mmarc_Fosfomycin12_blast_augmented,Models,58,NA,0,NA,100.00,NA
mmarc_betalactams164,Models,52,NA,0,NA,100.00,NA
mmarc_Multi-drug_resistance89_blast_augmented,Models,1376,NA,0,NA,100.00,NA
mmarc_Glycopeptides4_blast_augmented,Models,80,NA,0,NA,100.00,NA
mmarc_Multi-drug_resistance108_blast_augmented,Models,2576,NA,0,NA,100.00,NA
mmarc_Fluoroquinolones11_blast_augmented,Models,240,NA,0,NA,100.00,NA
mmarc_Aminoglycosides63_blast_augmented,Models,32,NA,0,NA,100.00,NA
mmarc_Multi-drug_resistance28_blast_augmented,Models,7418,NA,0,NA,100.00,NA
mmarc_betalactams168,Models,52,NA,0,NA,100.00,NA
mmarc_betalactams95_blast_augmented,Models,1222,NA,0,NA,100.00,NA
mmarc_Fosfomycin6_blast_augmented,Models,540,NA,0,NA,100.00,NA
mmarc_MLS16_blast_augmented,Models,60,NA,0,NA,100.00,NA
mmarc_MLS72,Models,102,NA,0,NA,100.00,NA
mmarc_Aminocoumarins12_blast_augmented,Models,2368,NA,0,NA,100.00,NA
mmarc_Multi-drug_resistance36_blast_augmented,Models,1716,NA,0,NA,100.00,NA
mmarc_betalactams36_blast_augmented,Models,126,NA,0,NA,100.00,NA
mmarc_betalactams205,Models,234,NA,0,NA,100.00,NA
mmarc_MLS75,Models,60,NA,0,NA,100.00,NA
mmarc_betalactams211,Models,104,NA,0,NA,100.00,NA
mmarc_Sulfonamides8_blast_augmented,Models,390,NA,0,NA,100.00,NA
mmarc_Fosfomycin7_blast_augmented,Models,100,NA,0,NA,100.00,NA
mmarc_Rifampin31,Models,80,NA,0,NA,100.00,NA
mmarc_MLS91,Models,140,NA,0,NA,100.00,NA
mmarc_Aminocoumarins1_blast_augmented,Models,9384,NA,0,NA,100.00,NA
mmarc_Aminoglycosides131,Models,64,NA,0,NA,100.00,NA
mmarc_Multi-drug_resistance94_blast_augmented,Models,220,NA,0,NA,100.00,NA
mmarc_Aminoglycosides56_blast_augmented,Models,304,NA,0,NA,100.00,NA
mmarc_Aminoglycosides123,Models,32,NA,0,NA,100.00,NA
mmarc_Trimethoprim3_blast_augmented,Models,18,NA,0,NA,100.00,NA
mmarc_Trimethoprim4_blast_augmented,Models,48,NA,0,NA,100.00,NA
mmarc_Aminoglycosides30_blast_augmented,Models,130,NA,0,NA,100.00,NA
mmarc_Phenicol16_blast_augmented,Models,760,NA,0,NA,100.00,NA
mmarc_MLS47_blast_augmented,Models,276,NA,0,NA,100.00,NA
mmarc_betalactams160,Models,130,NA,0,NA,100.00,NA
mmarc_betalactams144,Models,657,NA,1,NA,99.89,NA
mmarc_Glycopeptides79,Models,40,NA,0,NA,100.00,NA
mmarc_Elfamycins12,Models,112,NA,0,NA,100.00,NA
mmarc_Tetracyclines6_blast_augmented,Models,108,NA,0,NA,100.00,NA
mmarc_Tetracyclines13_blast_augmented,Models,168,NA,0,NA,100.00,NA
mmarc_Sulfonamides15_blast_augmented,Models,52,NA,0,NA,100.00,NA
mmarc_Sulfonamides14_blast_augmented,Models,312,NA,0,NA,100.00,NA
mmarc_Multi-drug_resistance102_blast_augmented,Models,1580,NA,0,NA,100.00,NA
mmarc_Fosfomycin18,Models,46,NA,0,NA,100.00,NA
mmarc_Tunicamycin1_blast_augmented,Models,272,NA,0,NA,100.00,NA
mmarc_betalactams147,Models,40,NA,0,NA,100.00,NA
mmarc_Aminoglycosides6_blast_augmented,Models,1000,NA,0,NA,100.00,NA
mmarc_Elfamycins9,Models,322,NA,0,NA,100.00,NA
mmarc_Multi-drug_resistance48_blast_augmented,Models,6600,NA,0,NA,100.00,NA
mmarc_betalactams75_blast_augmented,Models,2060,NA,0,NA,100.00,NA
mmarc_Aminoglycosides14_blast_augmented,Models,100,NA,0,NA,100.00,NA
mmarc_betalactams140,Models,360,NA,0,NA,100.00,NA
mmarc_Multi-drug_resistance32_blast_augmented,Models,2636,NA,0,NA,100.00,NA
mmarc_Phenicol30,Models,80,NA,0,NA,100.00,NA
mmarc_betalactams153,Models,1204,NA,0,NA,100.00,NA
mmarc_Aminoglycosides11_blast_augmented,Models,316,NA,0,NA,100.00,NA
mmarc_betalactams97_blast_augmented,Models,23512,NA,0,NA,100.00,NA
mmarc_Fluoroquinolones27_blast_augmented,Models,2720,NA,0,NA,100.00,NA
mmarc_Aminoglycosides124,Models,60,NA,0,NA,100.00,NA
mmarc_Multi-drug_resistance51_blast_augmented,Models,3014,NA,0,NA,100.00,NA
mmarc_betalactams62_blast_augmented,Models,11022,NA,0,NA,100.00,NA
mmarc_Fluoroquinolones62,Models,40,NA,0,NA,100.00,NA
mmarc_Aminoglycosides4_blast_augmented,Models,286,NA,0,NA,100.00,NA
mmarc_betalactams194,Models,78,NA,0,NA,100.00,NA
mmarc_Sulfonamides21,Models,182,NA,0,NA,100.00,NA
mmarc_MLS53_blast_augmented,Models,868,NA,0,NA,100.00,NA
mmarc_betalactams134,Models,198,NA,0,NA,100.00,NA
mmarc_betalactams42_blast_augmented,Models,716,NA,0,NA,100.00,NA
mmarc_Multi-drug_resistance62_blast_augmented,Models,2312,NA,0,NA,100.00,NA
mmarc_MLS70,Models,78,NA,0,NA,100.00,NA
mmarc_Tetracyclines49,Models,72,NA,0,NA,100.00,NA
mmarc_Rifampin21,Models,538,NA,0,NA,100.00,NA
mmarc_Multi-drug_resistance35_blast_augmented,Models,442,NA,0,NA,100.00,NA
mmarc_Phenicol14_blast_augmented,Models,72,NA,0,NA,100.00,NA
mmarc_Glycopeptides70,Models,206,NA,0,NA,100.00,NA
mmarc_betalactams30_blast_augmented,Models,1662,NA,0,NA,100.00,NA
mmarc_Glycopeptides72,Models,90,NA,0,NA,100.00,NA
mmarc_Aminoglycosides122,Models,60,NA,0,NA,100.00,NA
mmarc_betalactams114_blast_augmented,Models,130,NA,0,NA,100.00,NA
mmarc_Lipopeptides1_blast_augmented,Models,8720,NA,0,NA,100.00,NA
mmarc_Multi-drug_resistance10_blast_augmented,Models,1232,NA,0,NA,100.00,NA
mmarc_betalactams107_blast_augmented,Models,218,NA,0,NA,100.00,NA
mmarc_Tetracyclines58,Models,160,NA,0,NA,100.00,NA
mmarc_Fluoroquinolones32,Models,160,NA,0,NA,100.00,NA
mmarc_Phenicol20_blast_augmented,Models,120,NA,0,NA,100.00,NA
mmarc_Tetracyclines28_blast_augmented,Models,690,NA,0,NA,100.00,NA
mmarc_Multi-drug_resistance109_blast_augmented,Models,534,NA,0,NA,100.00,NA
mmarc_MLS74,Models,52,NA,0,NA,100.00,NA
mmarc_Trimethoprim25,Models,32,NA,0,NA,100.00,NA
mmarc_Aminoglycosides1_blast_augmented,Models,78,NA,0,NA,100.00,NA
mmarc_MLS56_blast_augmented,Models,414,NA,0,NA,100.00,NA
mmarc_Multi-drug_resistance127_blast_augmented,Models,1560,NA,0,NA,100.00,NA
mmarc_Glycopeptides35_blast_augmented,Models,432,NA,0,NA,100.00,NA
mmarc_Phenicol36,Models,60,NA,0,NA,100.00,NA
mmarc_Multi-drug_resistance143_blast_augmented,Models,1248,NA,0,NA,100.00,NA
mmarc_Aminoglycosides128,Models,32,NA,0,NA,100.00,NA
mmarc_Aminoglycosides110,Models,52,NA,0,NA,100.00,NA
mmarc_Glycopeptides50_blast_augmented,Models,72,NA,0,NA,100.00,NA
mmarc_Tetracyclines31_blast_augmented,Models,324,NA,0,NA,100.00,NA
mmarc_Multi-drug_resistance18_blast_augmented,Models,1196,NA,0,NA,100.00,NA
mmarc_Fluoroquinolones1_blast_augmented,Models,240,NA,0,NA,100.00,NA
mmarc_Fluoroquinolones10_blast_augmented,Models,874,NA,0,NA,100.00,NA
mmarc_Trimethoprim23,Models,80,NA,0,NA,100.00,NA
mmarc_Tetracyclines20_blast_augmented,Models,240,NA,0,NA,100.00,NA
mmarc_betalactams142,Models,78,NA,0,NA,100.00,NA
mmarc_Multi-drug_resistance147_blast_augmented,Models,480,NA,0,NA,100.00,NA
mmarc_Glycopeptides51_blast_augmented,Models,88,NA,0,NA,100.00,NA
mmarc_Multi-drug_resistance68_blast_augmented,Models,2268,NA,0,NA,100.00,NA
mmarc_Fusidic_acid1_blast_augmented,Models,150,NA,0,NA,100.00,NA
mmarc_Phenicol4_blast_augmented,Models,50,NA,0,NA,100.00,NA
mmarc_MLS89,Models,154,NA,0,NA,100.00,NA
mmarc_Glycopeptides18_blast_augmented,Models,60,NA,0,NA,100.00,NA
mmarc_MLS84,Models,86,NA,0,NA,100.00,NA
mmarc_Glycopeptides89,Models,216,NA,0,NA,100.00,NA
mmarc_Multi-drug_resistance126_blast_augmented,Models,416,NA,0,NA,100.00,NA
mmarc_betalactams60_blast_augmented,Models,90,NA,0,NA,100.00,NA
mmarc_Multi-drug_resistance100_blast_augmented,Models,232,NA,0,NA,100.00,NA
mmarc_Trimethoprim21,Models,32,NA,0,NA,100.00,NA
mmarc_betalactams189,Models,52,NA,0,NA,100.00,NA
mmarc_Multi-drug_resistance116_blast_augmented,Models,1840,NA,0,NA,100.00,NA
mmarc_Glycopeptides62,Models,104,NA,0,NA,100.00,NA
mmarc_Multi-drug_resistance103_blast_augmented,Models,138,NA,0,NA,100.00,NA
mmarc_Multi-drug_resistance95_blast_augmented,Models,2438,NA,0,NA,100.00,NA
mmarc_Multi-drug_resistance137_blast_augmented,Models,460,NA,0,NA,100.00,NA
mmarc_MLS11_blast_augmented,Models,120,NA,0,NA,100.00,NA
mmarc_Multi-drug_resistance87_blast_augmented,Models,6516,NA,0,NA,100.00,NA
mmarc_Multi-drug_resistance80_blast_augmented,Models,1192,NA,0,NA,100.00,NA
mmarc_Bacitracin5,Models,52,NA,0,NA,100.00,NA
mmarc_Phenicol32,Models,240,NA,0,NA,100.00,NA
mmarc_Multi-drug_resistance56_blast_augmented,Models,2356,NA,0,NA,100.00,NA
mmarc_betalactams210,Models,575,NA,3,NA,99.60,NA
mmarc_Aminoglycosides81_blast_augmented,Models,130,NA,0,NA,100.00,NA
mmarc_MLS49_blast_augmented,Models,40,NA,0,NA,100.00,NA
mmarc_Sulfonamides24,Models,52,NA,0,NA,100.00,NA
mmarc_MLS24_blast_augmented,Models,242,NA,0,NA,100.00,NA
mmarc_Sulfonamides4_blast_augmented,Models,1418,NA,0,NA,100.00,NA
mmarc_MLS62,Models,78,NA,0,NA,100.00,NA
mmarc_MLS29_blast_augmented,Models,146,NA,0,NA,100.00,NA
mmarc_Multi-drug_resistance58_blast_augmented,Models,14086,NA,0,NA,100.00,NA
mmarc_MLS23_blast_augmented,Models,1010,NA,0,NA,100.00,NA
mmarc_Aminoglycosides19_blast_augmented,Models,364,NA,0,NA,100.00,NA
mmarc_betalactams150,Models,106,NA,0,NA,100.00,NA
mmarc_Glycopeptides75,Models,108,NA,0,NA,100.00,NA
mmarc_betalactams9_blast_augmented,Models,112,NA,0,NA,100.00,NA
mmarc_betalactams123,Models,72,NA,0,NA,100.00,NA
mmarc_Multi-drug_resistance54_blast_augmented,Models,1720,NA,0,NA,100.00,NA
mmarc_betalactams31_blast_augmented,Models,132,NA,0,NA,100.00,NA
mmarc_Multi-drug_resistance111_blast_augmented,Models,1346,NA,0,NA,100.00,NA
mmarc_betalactams2_blast_augmented,Models,68,NA,0,NA,100.00,NA
mmarc_Aminoglycosides75_blast_augmented,Models,64,NA,0,NA,100.00,NA
mmarc_MLS85,Models,52,NA,0,NA,100.00,NA
mmarc_Glycopeptides25_blast_augmented,Models,48,NA,0,NA,100.00,NA
mmarc_Elfamycins3_blast_augmented,Models,1816,NA,0,NA,100.00,NA
mmarc_Multi-drug_resistance63_blast_augmented,Models,16568,NA,0,NA,100.00,NA
mmarc_MLS82,Models,104,NA,0,NA,100.00,NA
mmarc_Phenicol35,Models,138,NA,0,NA,100.00,NA
mmarc_Glycopeptides21_blast_augmented,Models,90,NA,0,NA,100.00,NA
mmarc_Multi-drug_resistance27_blast_augmented,Models,1368,NA,0,NA,100.00,NA
mmarc_Multi-drug_resistance88_blast_augmented,Models,3720,NA,0,NA,100.00,NA
mmarc_Multi-drug_resistance49_blast_augmented,Models,8586,NA,0,NA,100.00,NA
mmarc_Aminoglycosides52_blast_augmented,Models,1824,NA,0,NA,100.00,NA
mmarc_Multi-drug_resistance44_blast_augmented,Models,194,NA,0,NA,100.00,NA
mmarc_Aminoglycosides35_blast_augmented,Models,104,NA,0,NA,100.00,NA
mmarc_Multi-drug_resistance139_blast_augmented,Models,880,NA,0,NA,100.00,NA
mmarc_Fluoroquinolones7_blast_augmented,Models,2346,NA,0,NA,100.00,NA
mmarc_betalactams182,Models,756,NA,0,NA,100.00,NA
mmarc_Sulfonamides30,Models,918,NA,0,NA,100.00,NA
mmarc_Rifampin18_blast_augmented,Models,110,NA,0,NA,100.00,NA
mmarc_Aminocoumarins3_blast_augmented,Models,2178,NA,0,NA,100.00,NA
mmarc_betalactams138,Models,728,NA,0,NA,100.00,NA
mmarc_Multi-drug_resistance14_blast_augmented,Models,6320,NA,0,NA,100.00,NA
mmarc_Aminocoumarins11_blast_augmented,Models,726,NA,0,NA,100.00,NA
mmarc_betalactams108_blast_augmented,Models,276,NA,0,NA,100.00,NA
mmarc_Tetracyclines27_blast_augmented,Models,14192,NA,0,NA,100.00,NA
mmarc_Glycopeptides57_blast_augmented,Models,580,NA,0,NA,100.00,NA
mmarc_Aminoglycosides69_blast_augmented,Models,680,NA,0,NA,100.00,NA
mmarc_Aminoglycosides94,Models,48,NA,0,NA,100.00,NA
mmarc_MLS35_blast_augmented,Models,2204,NA,0,NA,100.00,NA
mmarc_betalactams170,Models,52,NA,0,NA,100.00,NA
mmarc_betalactams141,Models,400,NA,0,NA,100.00,NA
mmarc_Multi-drug_resistance123_blast_augmented,Models,180,NA,0,NA,100.00,NA
mmarc_Phenicol34,Models,140,NA,0,NA,100.00,NA
mmarc_Fluoroquinolones5_blast_augmented,Models,480,NA,0,NA,100.00,NA
mmarc_Aminoglycosides103,Models,52,NA,0,NA,100.00,NA
mmarc_Aminoglycosides118,Models,104,NA,0,NA,100.00,NA
mmarc_MLS36_blast_augmented,Models,80,NA,0,NA,100.00,NA
mmarc_betalactams71_blast_augmented,Models,60,NA,0,NA,100.00,NA
mmarc_Aminoglycosides119,Models,78,NA,0,NA,100.00,NA
mmarc_betalactams23_blast_augmented,Models,60,NA,0,NA,100.00,NA
mmarc_MLS63,Models,60,NA,0,NA,100.00,NA
mmarc_Aminoglycosides102,Models,145,NA,1,NA,99.52,NA
mmarc_Glycopeptides28_blast_augmented,Models,60,NA,0,NA,100.00,NA
mmarc_Multi-drug_resistance15_blast_augmented,Models,5382,NA,0,NA,100.00,NA
mmarc_betalactams191,Models,728,NA,2,NA,99.75,NA
mmarc_Phenicol6_blast_augmented,Models,100,NA,0,NA,100.00,NA
mmarc_Fluoroquinolones29_blast_augmented,Models,1634,NA,0,NA,100.00,NA
mmarc_Aminoglycosides108,Models,82,NA,0,NA,100.00,NA
mmarc_betalactams206,Models,52,NA,0,NA,100.00,NA
mmarc_betalactams136,Models,52,NA,0,NA,100.00,NA
mmarc_Metronidazole2,Models,26,NA,0,NA,100.00,NA
mmarc_Aminoglycosides99,Models,60,NA,0,NA,100.00,NA
mmarc_betalactams90_blast_augmented,Models,39168,NA,0,NA,100.00,NA
mmarc_Tetracyclines4_blast_augmented,Models,140,NA,0,NA,100.00,NA
mmarc_Aminocoumarins8_blast_augmented,Models,700,NA,0,NA,100.00,NA
mmarc_Glycopeptides31_blast_augmented,Models,90,NA,0,NA,100.00,NA
mmarc_Fosfomycin16,Models,50,NA,0,NA,100.00,NA
mmarc_Multi-drug_resistance125_blast_augmented,Models,2976,NA,0,NA,100.00,NA
mmarc_Aminoglycosides106,Models,60,NA,0,NA,100.00,NA
mmarc_betalactams148,Models,104,NA,0,NA,100.00,NA
mmarc_MLS22_blast_augmented,Models,290,NA,0,NA,100.00,NA
mmarc_Multi-drug_resistance76_blast_augmented,Models,8268,NA,0,NA,100.00,NA
mmarc_betalactams172,Models,5648,NA,0,NA,100.00,NA
mmarc_Fluoroquinolones49,Models,240,NA,0,NA,100.00,NA
mmarc_Aminoglycosides107,Models,156,NA,0,NA,100.00,NA
mmarc_Sulfonamides29,Models,36,NA,0,NA,100.00,NA
mmarc_Glycopeptides30_blast_augmented,Models,72,NA,0,NA,100.00,NA
mmarc_Aminoglycosides60_blast_augmented,Models,140,NA,0,NA,100.00,NA
mmarc_Bacitracin4_blast_augmented,Models,172,NA,0,NA,100.00,NA
mmarc_Multi-drug_resistance1_blast_augmented,Models,100,NA,0,NA,100.00,NA
mmarc_Fusidic_acid2_blast_augmented,Models,60,NA,0,NA,100.00,NA
mmarc_betalactams112_blast_augmented,Models,40,NA,0,NA,100.00,NA
mmarc_Aminocoumarins13,Models,594,NA,0,NA,100.00,NA
